Workbook

Sheet Sheet1
A1: 序号 | B1: 商品条码 | C1: 品牌名称 | D1: 商品型号 | E1: 能效标识 | F1: 类型 | G1: 国补刷单的能效标识 | H1: 备注 | L1: 型号 | M1: 能效标识
A2: 1 | B2: 6920971957629 | C2: A.O.史密斯 | D2: L1PB20-V3 | E2: 2 | F2: 采暖炉 | G2: 2 | I2: =VLOOKUP(D2,Sheet2!H:I,2,0) -> 二级 | J2: =VLOOKUP(D2,L:M,2,0) -> 2 | L2: EWH-6B2 | M2: 2
A3: 2 | B3: 6920971957582 | C3: A.O.史密斯 | D3: L1PB26-V3 | E3: 2 | F3: 采暖炉 | G3: 2 | I3: =VLOOKUP(D3,Sheet2!H:I,2,0) -> 二级 | J3: =VLOOKUP(D3,L:M,2,0) -> 2 | L3: EWH-10A2 | M3: 3
A4: 3 | B4: 6920971958954 | C4: A.O.史密斯 | D4: L1PB33-V3 | E4: 2 | F4: 采暖炉 | G4: 2 | I4: =VLOOKUP(D4,Sheet2!H:I,2,0) -> 二级 | J4: =VLOOKUP(D4,L:M,2,0) -> 2 | L4: EWH-10B2 | M4: 3
A5: 4 | B5: 6920971961817 | C5: A.O.史密斯 | D5: L1PB26-V9 | E5: 2 | F5: 采暖炉 | G5: 2 | I5: =VLOOKUP(D5,Sheet2!H:I,2,0) -> 二级 | J5: =VLOOKUP(D5,L:M,2,0) -> 2 | L5: EWH-6C2
A6: 5 | B6: 6920971961824 | C6: A.O.史密斯 | D6: L1PB33-V9 | E6: 2 | F6: 采暖炉 | G6: 2 | I6: =VLOOKUP(D6,Sheet2!H:I,2,0) -> 二级 | J6: =VLOOKUP(D6,L:M,2,0) -> 2 | L6: CEWH-60A0 | M6: 1
A7: 6 | B7: 6920971961831 | C7: A.O.史密斯 | D7: L1PB37-V9 | E7: 2 | F7: 采暖炉 | G7: 2 | I7: =VLOOKUP(D7,Sheet2!H:I,2,0) -> 二级 | J7: =VLOOKUP(D7,L:M,2,0) -> 2 | L7: CEWH-80A0 | M7: 1
A8: 7 | B8: 6920971962760 | C8: A.O.史密斯 | D8: LL1GBQ24-V10 | E8: 1 | F8: 采暖炉 | G8: 1 | I8: =VLOOKUP(D8,Sheet2!H:I,2,0) -> 一级 | J8: =VLOOKUP(D8,L:M,2,0) -> 1 | L8: CEWH-60BS-B | M8: 1
A9: 8 | B9: 6920971962777 | C9: A.O.史密斯 | D9: LL1GBQ33-V10 | E9: 1 | F9: 采暖炉 | G9: 1 | I9: =VLOOKUP(D9,Sheet2!H:I,2,0) -> 一级 | J9: =VLOOKUP(D9,L:M,2,0) -> 1 | L9: CEWH-50D0 | M9: 1
A10: 9 | B10: 6920971964672 | C10: A.O.史密斯 | D10: LL1GBQ24-V11 | E10: 1 | F10: 采暖炉 | G10: 1 | I10: =VLOOKUP(D10,Sheet2!H:I,2,0) -> 一级 | J10: =VLOOKUP(D10,L:M,2,0) -> 1 | L10: CEWH-60D0 | M10: 1
A11: 10 | B11: 6920971964689 | C11: A.O.史密斯 | D11: LL1GBQ33-V11 | E11: 1 | F11: 采暖炉 | G11: 1 | I11: =VLOOKUP(D11,Sheet2!H:I,2,0) -> 一级 | J11: =VLOOKUP(D11,L:M,2,0) -> 1 | L11: CEWH-60D0B | M11: 1
A12: 11 | B12: 6920971962876 | C12: A.O.史密斯 | D12: L1PB26-CA | E12: 2 | F12: 采暖炉 | G12: 2 | I12: =VLOOKUP(D12,Sheet2!H:I,2,0) -> 二级 | J12: =VLOOKUP(D12,L:M,2,0) -> 2 | L12: CEWH-80D0 | M12: 1
A13: 12 | B13: 6920971970918 | C13: A.O.史密斯 | D13: L1PB20-A1 | E13: 2 | F13: 采暖炉 | G13: 2 | I13: =VLOOKUP(D13,Sheet2!H:I,2,0) -> 二级 | J13: =VLOOKUP(D13,L:M,2,0) -> 2 | L13: CEWH-60D1BWi | M13: 1
A14: 13 | B14: 6920971970925 | C14: A.O.史密斯 | D14: L1PB26-A1 | E14: 2 | F14: 采暖炉 | G14: 2 | I14: =VLOOKUP(D14,Sheet2!H:I,2,0) -> 二级 | J14: =VLOOKUP(D14,L:M,2,0) -> 2 | L14: CEWH-60D1Wi | M14: 1
A15: 14 | B15: 6920971969509 | C15: A.O.史密斯 | D15: L1PB26-S9 | E15: 2 | F15: 采暖炉 | G15: 2 | I15: =VLOOKUP(D15,Sheet2!H:I,2,0) -> 二级 | J15: =VLOOKUP(D15,L:M,2,0) -> 2 | L15: CEWH-80D1Wi | M15: 1
A16: 15 | B16: 6920971969516 | C16: A.O.史密斯 | D16: L1PB33-S9 | E16: 2 | F16: 采暖炉 | G16: 2 | I16: =VLOOKUP(D16,Sheet2!H:I,2,0) -> 二级 | J16: =VLOOKUP(D16,L:M,2,0) -> 2 | L16: CEWH-50AS | M16: 1
A17: 16 | B17: 6920971969523 | C17: A.O.史密斯 | D17: L1PB37-S9 | E17: 2 | F17: 采暖炉 | G17: 2 | I17: =VLOOKUP(D17,Sheet2!H:I,2,0) -> 二级 | J17: =VLOOKUP(D17,L:M,2,0) -> 2 | L17: CEWH-60AS | M17: 1
... A34: 33 | B34: 6920971969905 | C34: A.O.史密斯 | D34: LN1GBQ52-S15 | E34: 1 | F34: 采暖炉 | G34: 1 | I34: =VLOOKUP(D34,Sheet2!H:I,2,0) -> 一级 | J34: =VLOOKUP(D34,L:M,2,0) -> 1 | L34: CEWH-80K | M34: 1
A35: 34 | B35: 6920971969912 | C35: A.O.史密斯 | D35: LN1GBQ65-S15 | E35: 1 | F35: 采暖炉 | G35: 1 | I35: =VLOOKUP(D35,Sheet2!H:I,2,0) -> 一级 | J35: =VLOOKUP(D35,L:M,2,0) -> 1 | L35: CEWH-100K
A36: 35 | B36: 6951142566234 | C36: A.O.史密斯 | D36: R1200HWi-E | E36: 2 | F36: 净水机 | G36: 2 | I36: =VLOOKUP(D36,Sheet2!H:I,2,0) -> 二级 | J36: =VLOOKUP(D36,L:M,2,0) -> 2 | L36: CEWH-60KBWi | M36: 1
A37: 36 | B37: 6951142564353 | C37: A.O.史密斯 | D37: R1400XF2 | E37: 1 | F37: 净水机 | G37: 1 | I37: =VLOOKUP(D37,Sheet2!H:I,2,0) -> 一级 | J37: =VLOOKUP(D37,L:M,2,0) -> 1 | L37: CEWH-60KWi | M37: 1
A38: 37 | B38: 6951142564476 | C38: A.O.史密斯 | D38: R1700XF2 | E38: 1 | F38: 净水机 | G38: 1 | I38: =VLOOKUP(D38,Sheet2!H:I,2,0) -> 一级 | J38: =VLOOKUP(D38,L:M,2,0) -> 1 | L38: CEWH-80KWi | M38: 1
A39: 38 | B39: 6951142565923 | C39: A.O.史密斯 | D39: R1700XF1 | E39: 1 | F39: 净水机 | G39: 1 | I39: =VLOOKUP(D39,Sheet2!H:I,2,0) -> 一级 | J39: =VLOOKUP(D39,L:M,2,0) -> 1 | L39: CEWH-100KWi | M39: 1
A40: 39 | B40: 6951142565916 | C40: A.O.史密斯 | D40: R2000XF1 | E40: 1 | F40: 净水机 | G40: 1 | I40: =VLOOKUP(D40,Sheet2!H:I,2,0) -> 一级 | J40: =VLOOKUP(D40,L:M,2,0) -> 1 | L40: CEWH-50D5Wi | M40: 1
A41: 40 | B41: 6951142566166 | C41: A.O.史密斯 | D41: R1400F | E41: 1 | F41: 净水机 | G41: 1 | I41: =VLOOKUP(D41,Sheet2!H:I,2,0) -> 一级 | J41: =VLOOKUP(D41,L:M,2,0) -> 1 | L41: CEWH-60D5Wi | M41: 1
A42: 41 | B42: 6951142566159 | C42: A.O.史密斯 | D42: R1700FWi | E42: 1 | F42: 净水机 | G42: 1 | I42: =VLOOKUP(D42,Sheet2!H:I,2,0) -> 一级 | J42: =VLOOKUP(D42,L:M,2,0) -> 1 | L42: CEWH-60D5BWi | M42: 1
A43: 42 | B43: 6951142566630 | C43: A.O.史密斯 | D43: R1600SWi | E43: 1 | F43: 净水机 | G43: 1 | I43: =VLOOKUP(D43,Sheet2!H:I,2,0) -> 一级 | J43: =VLOOKUP(D43,L:M,2,0) -> 1 | L43: CEWH-80D5Wi | M43: 1
A44: 43 | B44: 6951142566647 | C44: A.O.史密斯 | D44: R1800SWi | E44: 1 | F44: 净水机 | G44: 1 | I44: =VLOOKUP(D44,Sheet2!H:I,2,0) -> 一级 | J44: =VLOOKUP(D44,L:M,2,0) -> 1 | L44: CEWH-60TKBWi | M44: 1
A45: 44 | B45: 6951142566142 | C45: A.O.史密斯 | D45: R2000FWi | E45: 1 | F45: 净水机 | G45: 1 | I45: =VLOOKUP(D45,Sheet2!H:I,2,0) -> 一级 | J45: =VLOOKUP(D45,L:M,2,0) -> 1 | L45: CEWH-60TKWi | M45: 1
A46: 45 | B46: 6951142563400 | C46: A.O.史密斯 | D46: R1800RC9 | E46: 1 | F46: 净水机 | G46: 1 | I46: =VLOOKUP(D46,Sheet2!H:I,2,0) -> 一级 | J46: =VLOOKUP(D46,L:M,2,0) -> 1 | L46: CEWH-80TKWi | M46: 1
A47: 46 | B47: 6951142563431 | C47: A.O.史密斯 | D47: R2500RC3 | E47: 1 | F47: 净水机 | G47: 1 | I47: =VLOOKUP(D47,Sheet2!H:I,2,0) -> 一级 | J47: =VLOOKUP(D47,L:M,2,0) -> 1 | L47: CEWH-60WKWi | M47: 1
... A96: 95 | B96: 6951142591434 | C96: A.O.史密斯 | D96: BZR1000-T806 | E96: 1 | F96: 净水机 | G96: 1 | I96: =VLOOKUP(D96,Sheet2!H:I,2,0) -> 一级 | J96: =VLOOKUP(D96,L:M,2,0) -> 1 | L96: EESR-25C8 | M96: 1
A97: 96 | B97: 6951142566777 | C97: A.O.史密斯 | D97: DR1600FS1 | E97: 1 | F97: 净水机 | G97: 1 | I97: =VLOOKUP(D97,Sheet2!H:I,2,0) -> 一级 | J97: =VLOOKUP(D97,L:M,2,0) -> 1 | L97: EES-50-6 | M97: 不适用能效
A98: 97 | B98: 6951142566890 | C98: A.O.史密斯 | D98: ER1600BWi | E98: 1 | F98: 净水器 | G98: 1 | I98: =VLOOKUP(D98,Sheet2!H:I,2,0) -> 一级 | J98: =VLOOKUP(D98,L:M,2,0) -> 1 | L98: EES-80-6 | M98: 不适用能效
A99: 99 | B99: 6920971975944 | C99: 松下 | D99: J13AKR10X | E99: 1 | F99: 空调 | G99: 1 | I99: =VLOOKUP(D99,Sheet2!H:I,2,0) -> 一级 | J99: =VLOOKUP(D99,L:M,2,0) -> 1 | L99: EES-120-6 | M99: 不适用能效
A100: 100 | B100: 6920971975166 | C100: A.O.史密斯 | D100: JZT-F5B2 | E100: 1 | F100: 燃气灶 | G100: 1 | I100: =VLOOKUP(D100,Sheet2!H:I,2,0) -> 一级 | J100: =VLOOKUP(D100,L:M,2,0) -> 1 | L100: EES-30D | M100: 1
A101: 101 | B101: 6920971972356 | C101: A.O.史密斯 | D101: JZT-K5G1 | E101: 1 | F101: 燃气灶 | G101: 1 | I101: =VLOOKUP(D101,Sheet2!H:I,2,0) -> 一级 | J101: =VLOOKUP(D101,L:M,2,0) -> 1 | L101: EES-40D | M101: 1
A102: 102 | B102: 6920971971595 | C102: A.O.史密斯 | D102: JZT-V2B1 | E102: 1 | F102: 燃气灶 | G102: 1 | I102: =VLOOKUP(D102,Sheet2!H:I,2,0) -> 一级 | J102: =VLOOKUP(D102,L:M,2,0) -> 1 | L102: EES-50D | M102: 1
A103: 103 | B103: 6920971960797 | C103: A.O.史密斯 | D103: JZT-F3B1 | E103: 1 | F103: 燃气灶 | G103: 1 | I103: =VLOOKUP(D103,Sheet2!H:I,2,0) -> 一级 | J103: =VLOOKUP(D103,L:M,2,0) -> 1 | L103: EES-80D | M103: 1
A104: 104 | B104: 6920971975715 | C104: A.O.史密斯 | D104: JZT-V2B1S | E104: 1 | F104: 燃气灶 | G104: 1 | I104: =VLOOKUP(D104,Sheet2!H:I,2,0) -> 一级 | J104: =VLOOKUP(D104,L:M,2,0) -> 1 | L104: ACWP-15AE1 | M104: 不适用能效
A105: 105 | B105: 6920971975036 | C105: A.O.史密斯 | D105: JZY-F3B1S | E105: 2 | F105: 燃气灶 | G105: 2 | I105: =VLOOKUP(D105,Sheet2!H:I,2,0) -> 二级 | J105: =VLOOKUP(D105,L:M,2,0) -> 2 | L105: ACWP-20AE1 | M105: 不适用能效
A106: 106 | B106: 6920971975005 | C106: A.O.史密斯 | D106: JZT-F3B1S | E106: 1 | F106: 燃气灶 | G106: 1 | I106: =VLOOKUP(D106,Sheet2!H:I,2,0) -> 一级 | J106: =VLOOKUP(D106,L:M,2,0) -> 1 | L106: S05T-A1 | M106: 不适用能效
A107: 107 | B107: 6920971964504 | C107: A.O.史密斯 | D107: JZT-F3B2 | E107: 1 | F107: 燃气灶 | G107: 1 | I107: =VLOOKUP(D107,Sheet2!H:I,2,0) -> 一级 | J107: =VLOOKUP(D107,L:M,2,0) -> 1 | L107: S05T-A2 | M107: 不适用能效
A108: 108 | B108: 6920971975012 | C108: A.O.史密斯 | D108: JZT-F3B2S | E108: 1 | F108: 燃气灶 | G108: 1 | I108: =VLOOKUP(D108,Sheet2!H:I,2,0) -> 一级 | J108: =VLOOKUP(D108,L:M,2,0) -> 1 | L108: S12A1 | M108: 不适用能效
A109: 109 | B109: 6920971980511 | C109: A.O.史密斯 | D109: JZT-V2B2S | E109: 1 | F109: 燃气灶 | G109: 1 | I109: =VLOOKUP(D109,Sheet2!H:I,2,0) -> 一级 | J109: =VLOOKUP(D109,L:M,2,0) -> 1 | L109: S12K1 | M109: 不适用能效
A110: 110 | B110: 6920971979911 | C110: A.O.史密斯 | D110: JZT-F5B1 | E110: 1 | F110: 燃气灶 | G110: 1 | I110: =VLOOKUP(D110,Sheet2!H:I,2,0) -> 一级 | J110: =VLOOKUP(D110,L:M,2,0) -> 1 | L110: S25K1 | M110: 不适用能效
A111: 111 | B111: 6920971980030 | C111: A.O.史密斯 | D111: JZT-F3B1S+ | E111: 1 | F111: 燃气灶 | G111: 1 | I111: =VLOOKUP(D111,Sheet2!H:I,2,0) -> 一级 | J111: =VLOOKUP(D111,L:M,2,0) -> 1 | L111: PF25C1 | M111: 不适用能效
A112: 112 | B112: 6920971980047 | C112: A.O.史密斯 | D112: JZY-F3B1S+ | E112: 2 | F112: 燃气灶 | G112: 2 | I112: =VLOOKUP(D112,Sheet2!H:I,2,0) -> 二级 | J112: =VLOOKUP(D112,L:M,2,0) -> 2 | L112: PF-B1 | M112: 不适用能效
A113: 113 | B113: 6920971981853 | C113: A.O.史密斯 | D113: JZT-F3B2S+ | E113: 1 | F113: 燃气灶 | G113: 1 | I113: =VLOOKUP(D113,Sheet2!H:I,2,0) -> 一级 | J113: =VLOOKUP(D113,L:M,2,0) -> 1 | L113: PF-DA1 | M113: 不适用能效
A114: 114 | B114: 6920971962647 | C114: A.O.史密斯 | D114: CEWH-60A0 | E114: 1 | F114: 热水器 | G114: 1 | I114: =VLOOKUP(D114,Sheet2!H:I,2,0) -> 一级 | J114: =VLOOKUP(D114,L:M,2,0) -> 1 | L114: APM-HC1 | M114: 不适用能效
A115: 115 | B115: 6920971962654 | C115: A.O.史密斯 | D115: CEWH-80A0 | E115: 1 | F115: 热水器 | G115: 1 | I115: =VLOOKUP(D115,Sheet2!H:I,2,0) -> 一级 | J115: =VLOOKUP(D115,L:M,2,0) -> 1 | L115: R1200CD1
A116: 116 | B116: 6920971966423 | C116: A.O.史密斯 | D116: CEWH-60BS-B | E116: 1 | F116: 热水器 | G116: 1 | I116: =VLOOKUP(D116,Sheet2!H:I,2,0) -> 一级 | J116: =VLOOKUP(D116,L:M,2,0) -> 1 | L116: R1200BG1 | M116: 2
A117: 117 | B117: 6920971965617 | C117: A.O.史密斯 | D117: CEWH-50AS | E117: 1 | F117: 热水器 | G117: 1 | I117: =VLOOKUP(D117,Sheet2!H:I,2,0) -> 一级 | J117: =VLOOKUP(D117,L:M,2,0) -> 1 | L117: R1200HWi-E | M117: 2
A118: 118 | B118: 6920971965631 | C118: A.O.史密斯 | D118: CEWH-60AS | E118: 1 | F118: 热水器 | G118: 1 | I118: =VLOOKUP(D118,Sheet2!H:I,2,0) -> 一级 | J118: =VLOOKUP(D118,L:M,2,0) -> 1 | L118: R1600HX1 | M118: 1
A119: 119 | B119: 6920971965648 | C119: A.O.史密斯 | D119: CEWH-80AS | E119: 1 | F119: 热水器 | G119: 1 | I119: =VLOOKUP(D119,Sheet2!H:I,2,0) -> 一级 | J119: =VLOOKUP(D119,L:M,2,0) -> 1 | L119: R1400XF2 | M119: 1
A120: 120 | B120: 6920971970796 | C120: A.O.史密斯 | D120: CEWH-60PB | E120: 1 | F120: 热水器 | G120: 1 | I120: =VLOOKUP(D120,Sheet2!H:I,2,0) -> 一级 | J120: =VLOOKUP(D120,L:M,2,0) -> 1 | L120: R1400F | M120: 1
A121: 121 | B121: 6920971964948 | C121: A.O.史密斯 | D121: CEWH-60PA | E121: 1 | F121: 热水器 | G121: 1 | I121: =VLOOKUP(D121,Sheet2!H:I,2,0) -> 一级 | J121: =VLOOKUP(D121,L:M,2,0) -> 1 | L121: R1700FWi | M121: 1
A122: 122 | B122: 6920971964955 | C122: A.O.史密斯 | D122: CEWH-80PA | E122: 1 | F122: 热水器 | G122: 1 | I122: =VLOOKUP(D122,Sheet2!H:I,2,0) -> 一级 | J122: =VLOOKUP(D122,L:M,2,0) -> 1 | L122: R1700FWi-E | M122: 1
A123: 123 | B123: 6920971980313 | C123: A.O.史密斯 | D123: CEWH-50D3Wi | E123: 1 | F123: 热水器 | G123: 1 | I123: =VLOOKUP(D123,Sheet2!H:I,2,0) -> 一级 | J123: =VLOOKUP(D123,L:M,2,0) -> 1 | L123: R1600SWi | M123: 1
A124: 124 | B124: 6920971980337 | C124: A.O.史密斯 | D124: CEWH-60D3Wi | E124: 1 | F124: 热水器 | G124: 1 | I124: =VLOOKUP(D124,Sheet2!H:I,2,0) -> 一级 | J124: =VLOOKUP(D124,L:M,2,0) -> 1 | L124: R1800SWi | M124: 1
A125: 125 | B125: 6920971980320 | C125: A.O.史密斯 | D125: CEWH-60D3BWi | E125: 1 | F125: 热水器 | G125: 1 | I125: =VLOOKUP(D125,Sheet2!H:I,2,0) -> 一级 | J125: =VLOOKUP(D125,L:M,2,0) -> 1 | L125: R2500SWi | M125: 1
A126: 126 | B126: 6920971980344 | C126: A.O.史密斯 | D126: CEWH-80D3Wi | E126: 1 | F126: 热水器 | G126: 1 | I126: =VLOOKUP(D126,Sheet2!H:I,2,0) -> 一级 | J126: =VLOOKUP(D126,L:M,2,0) -> 1 | L126: R2000FWi | M126: 1
A127: 127 | B127: 6920971958411 | C127: A.O.史密斯 | D127: EWH-50DA | E127: 1 | F127: 热水器 | G127: 1 | I127: =VLOOKUP(D127,Sheet2!H:I,2,0) -> 一级 | J127: =VLOOKUP(D127,L:M,2,0) -> 1 | L127: R1800RC9 | M127: 1
... A166: 166 | B166: 6920971972158 | C166: A.O.史密斯 | D166: EWH-80HGP | E166: 1 | F166: 热水器 | G166: 1 | I166: =VLOOKUP(D166,Sheet2!H:I,2,0) -> 一级 | J166: =VLOOKUP(D166,L:M,2,0) -> 1 | L166: ER1600BWi | M166: 1
A167: 167 | B167: 6920971972103 | C167: A.O.史密斯 | D167: EWH-60HGA | E167: 1 | F167: 热水器 | G167: 1 | I167: =VLOOKUP(D167,Sheet2!H:I,2,0) -> 一级 | J167: =VLOOKUP(D167,L:M,2,0) -> 1 | L167: KJ455F-C15-F+ | M167: 未查到此型号
A168: 168 | B168: 6920971972134 | C168: A.O.史密斯 | D168: EWH-80HGA | E168: 1 | F168: 热水器 | G168: 1 | I168: =VLOOKUP(D168,Sheet2!H:I,2,0) -> 一级 | J168: =VLOOKUP(D168,L:M,2,0) -> 1 | L168: KJ800F-C15-PF+ | M168: 未查到此型号
A169: 169 | B169: 6920971976996 | C169: A.O.史密斯 | D169: EWH-60HGKWi | E169: 1 | F169: 热水器 | G169: 1 | I169: =VLOOKUP(D169,Sheet2!H:I,2,0) -> 一级 | J169: =VLOOKUP(D169,L:M,2,0) -> 1 | L169: KJ455F-C15-PFWi | M169: 3
A170: 170 | B170: 6920971977009 | C170: A.O.史密斯 | D170: EWH-80HGKWi | E170: 1 | F170: 热水器 | G170: 1 | I170: =VLOOKUP(D170,Sheet2!H:I,2,0) -> 一级 | J170: =VLOOKUP(D170,L:M,2,0) -> 1 | L170: KJ800F-C15-PFWi | M170: 3
A171: 171 | B171: 6920971976972 | C171: A.O.史密斯 | D171: EWH-60HGKAi | E171: 1 | F171: 热水器 | G171: 1 | I171: =VLOOKUP(D171,Sheet2!H:I,2,0) -> 一级 | J171: =VLOOKUP(D171,L:M,2,0) -> 1 | L171: JSQ26-CLAX | M171: 2
A172: 172 | B172: 6920971976989 | C172: A.O.史密斯 | D172: EWH-80HGKAi | E172: 1 | F172: 热水器 | G172: 1 | I172: =VLOOKUP(D172,Sheet2!H:I,2,0) -> 一级 | J172: =VLOOKUP(D172,L:M,2,0) -> 1 | L172: JSQ31-CLAX | M172: 2
A173: 173 | B173: 6920971951177 | C173: A.O.史密斯 | D173: CEWH-40R1S | E173: 1 | F173: 热水器 | G173: 1 | I173: =VLOOKUP(D173,Sheet2!H:I,2,0) -> 一级 | J173: =VLOOKUP(D173,L:M,2,0) -> 1 | L173: JSQ31-MN5 | M173: 2
A174: 174 | B174: 6920971951115 | C174: A.O.史密斯 | D174: CEWH-50R1S | E174: 1 | F174: 热水器 | G174: 1 | I174: =VLOOKUP(D174,Sheet2!H:I,2,0) -> 一级 | J174: =VLOOKUP(D174,L:M,2,0) -> 1 | L174: JSQ26-CLD | M174: 2
A175: 175 | B175: 6920971951122 | C175: A.O.史密斯 | D175: CEWH-60R1S | E175: 1 | F175: 热水器 | G175: 1 | I175: =VLOOKUP(D175,Sheet2!H:I,2,0) -> 一级 | J175: =VLOOKUP(D175,L:M,2,0) -> 1 | L175: JSQ31-CLD | M175: 2
A176: 176 | B176: 6920971939229 | C176: A.O.史密斯 | D176: CEWHR-50PE8 | E176: 1 | F176: 热水器 | G176: 1 | I176: =VLOOKUP(D176,Sheet2!H:I,2,0) -> 一级 | J176: =VLOOKUP(D176,L:M,2,0) -> 1 | L176: JSQ31-CLB | M176: 2
A177: 177 | B177: 6920971939236 | C177: A.O.史密斯 | D177: CEWHR-60PE8 | E177: 1 | F177: 热水器 | G177: 1 | I177: =VLOOKUP(D177,Sheet2!H:I,2,0) -> 一级 | J177: =VLOOKUP(D177,L:M,2,0) -> 1 | L177: JSQ31-FSCWi | M177: 2
A178: 178 | B178: 6920971939243 | C178: A.O.史密斯 | D178: CEWHR-80PE8 | E178: 1 | F178: 热水器 | G178: 1 | I178: =VLOOKUP(D178,Sheet2!H:I,2,0) -> 一级 | J178: =VLOOKUP(D178,L:M,2,0) -> 1 | L178: JSQ26-TACWi | M178: 2
A179: 179 | B179: 6920971978648 | C179: A.O.史密斯 | D179: CEWHR-40PEWi | E179: 1 | F179: 热水器 | G179: 1 | I179: =VLOOKUP(D179,Sheet2!H:I,2,0) -> 一级 | J179: =VLOOKUP(D179,L:M,2,0) -> 1 | L179: JSQ31-TACWi | M179: 2
A180: 180 | B180: 6920971978655 | C180: A.O.史密斯 | D180: CEWHR-50PEWi | E180: 1 | F180: 热水器 | G180: 1 | I180: =VLOOKUP(D180,Sheet2!H:I,2,0) -> 一级 | J180: =VLOOKUP(D180,L:M,2,0) -> 1 | L180: JSQ26-ASCWi | M180: 2
... A238: 238 | B238: 6920971979720 | C238: A.O.史密斯 | D238: JSQ31-TVJWi | E238: 2 | F238: 热水器 | G238: 2 | I238: =VLOOKUP(D238,Sheet2!H:I,2,0) -> 二级 | J238: =VLOOKUP(D238,L:M,2,0) -> 2 | L238: JSQ36-RJSAi | M238: 2
A239: 239 | B239: 6920971976873 | C239: A.O.史密斯 | D239: JSQ31-VJSWi | E239: 2 | F239: 热水器 | G239: 2 | I239: =VLOOKUP(D239,Sheet2!H:I,2,0) -> 二级 | J239: =VLOOKUP(D239,L:M,2,0) -> 2 | L239: EMGP-50C | M239: 不适用能效
A240: 240 | B240: 6920971974602 | C240: A.O.史密斯 | D240: JSQ31-VJSAi | E240: 2 | F240: 热水器 | G240: 2 | I240: =VLOOKUP(D240,Sheet2!H:I,2,0) -> 二级 | J240: =VLOOKUP(D240,L:M,2,0) -> 2 | L240: EMGP-75C | M240: 不适用能效
A241: 241 | B241: 6920971978440 | C241: A.O.史密斯 | D241: JSQ31-UJSWi | E241: 2 | F241: 热水器 | G241: 2 | I241: =VLOOKUP(D241,Sheet2!H:I,2,0) -> 二级 | J241: =VLOOKUP(D241,L:M,2,0) -> 2 | L241: EMGO-50C | M241: 不适用能效
A242: 242 | B242: 6920971948221 | C242: A.O.史密斯 | D242: JSQ33-JSX | E242: 2 | F242: 热水器 | G242: 2 | I242: =VLOOKUP(D242,Sheet2!H:I,2,0) -> 二级 | J242: =VLOOKUP(D242,L:M,2,0) -> 2 | L242: EMGO-75C | M242: 不适用能效
A243: 243 | B243: 6920971959647 | C243: A.O.史密斯 | D243: JSQ33-MJSX | E243: 2 | F243: 热水器 | G243: 2 | I243: =VLOOKUP(D243,Sheet2!H:I,2,0) -> 二级 | J243: =VLOOKUP(D243,L:M,2,0) -> 2 | L243: HPW-60A3
A244: 244 | B244: 6920971963774 | C244: A.O.史密斯 | D244: JSQ40-MJSX | E244: 2 | F244: 热水器 | G244: 2 | I244: =VLOOKUP(D244,Sheet2!H:I,2,0) -> 二级 | J244: =VLOOKUP(D244,L:M,2,0) -> 2 | L244: HPW-80A3
A245: 245 | B245: 6920971963781 | C245: A.O.史密斯 | D245: JSQ48-MJSX | E245: 2 | F245: 热水器 | G245: 2 | I245: =VLOOKUP(D245,Sheet2!H:I,2,0) -> 二级 | J245: =VLOOKUP(D245,L:M,2,0) -> 2 | L245: HPI-40C1.0A | M245: 未查到此型号
A246: 246 | B246: 6920971977979 | C246: A.O.史密斯 | D246: JSQ40-MJSAi | E246: 2 | F246: 热水器 | G246: 2 | I246: =VLOOKUP(D246,Sheet2!H:I,2,0) -> 二级 | J246: =VLOOKUP(D246,L:M,2,0) -> 2 | L246: HPI-40D1.0B | M246: 1
A247: 247 | B247: 6920971977986 | C247: A.O.史密斯 | D247: JSQ48-MJSAi | E247: 2 | F247: 热水器 | G247: 2 | I247: =VLOOKUP(D247,Sheet2!H:I,2,0) -> 二级 | J247: =VLOOKUP(D247,L:M,2,0) -> 2 | L247: HPI-50D1.0B | M247: 1
A248: 248 | B248: 6920971978372 | C248: A.O.史密斯 | D248: JSQ40-MJSWi | E248: 2 | F248: 热水器 | G248: 2 | I248: =VLOOKUP(D248,Sheet2!H:I,2,0) -> 二级 | J248: =VLOOKUP(D248,L:M,2,0) -> 2 | L248: HPI-50G1.5AWi | M248: 1
A249: 249 | B249: 6920971978389 | C249: A.O.史密斯 | D249: JSQ48-MJSWi | E249: 2 | F249: 热水器 | G249: 2 | I249: =VLOOKUP(D249,Sheet2!H:I,2,0) -> 二级 | J249: =VLOOKUP(D249,L:M,2,0) -> 2 | L249: HPI-40C1.0B | M249: 4
A250: 250 | B250: 6920971962746 | C250: A.O.史密斯 | D250: JSQ40-SJSX | E250: 2 | F250: 热水器 | G250: 2 | I250: =VLOOKUP(D250,Sheet2!H:I,2,0) -> 二级 | J250: =VLOOKUP(D250,L:M,2,0) -> 2 | L250: HPI-50C1.0B | M250: 4
A251: 251 | B251: 6920971962753 | C251: A.O.史密斯 | D251: JSQ48-SJSX | E251: 2 | F251: 热水器 | G251: 2 | I251: =VLOOKUP(D251,Sheet2!H:I,2,0) -> 二级 | J251: =VLOOKUP(D251,L:M,2,0) -> 2 | L251: HPA-40D1.0Q | M251: 1
A252: 252 | B252: 6920971978013 | C252: A.O.史密斯 | D252: JSQ40-SJSAi | E252: 2 | F252: 热水器 | G252: 2 | I252: =VLOOKUP(D252,Sheet2!H:I,2,0) -> 二级 | J252: =VLOOKUP(D252,L:M,2,0) -> 2 | L252: HPA-50D1.0Q | M252: 1
A253: 253 | B253: 6920971978020 | C253: A.O.史密斯 | D253: JSQ48-SJSAi | E253: 2 | F253: 热水器 | G253: 2 | I253: =VLOOKUP(D253,Sheet2!H:I,2,0) -> 二级 | J253: =VLOOKUP(D253,L:M,2,0) -> 2 | L253: HPA-50G1.5AWi | M253: 1
A254: 254 | B254: 6920971972950 | C254: A.O.史密斯 | D254: JSQ31-QJS | E254: 2 | F254: 热水器 | G254: 2 | I254: =VLOOKUP(D254,Sheet2!H:I,2,0) -> 二级 | J254: =VLOOKUP(D254,L:M,2,0) -> 2 | L254: HPA-80D2.0A | M254: 1
A255: 255 | B255: 6920971976866 | C255: A.O.史密斯 | D255: JSQ31-QJSAi | E255: 2 | F255: 热水器 | G255: 2 | I255: =VLOOKUP(D255,Sheet2!H:I,2,0) -> 二级 | J255: =VLOOKUP(D255,L:M,2,0) -> 2 | L255: HPA-120D2.0A | M255: 1
A256: 256 | B256: 6920971975173 | C256: A.O.史密斯 | D256: JSQ31-RSC | E256: 2 | F256: 热水器 | G256: 2 | I256: =VLOOKUP(D256,Sheet2!H:I,2,0) -> 二级 | J256: =VLOOKUP(D256,L:M,2,0) -> 2 | L256: CAHP1.5D-80-6-W | M256: 1
A257: 257 | B257: 6920971973667 | C257: A.O.史密斯 | D257: JSQ31-RJS | E257: 2 | F257: 热水器 | G257: 2 | I257: =VLOOKUP(D257,Sheet2!H:I,2,0) -> 二级 | J257: =VLOOKUP(D257,L:M,2,0) -> 2 | L257: CAHP1.5D-80-12-W | M257: 1
... A259: 259 | B259: 6920971946135 | C259: A.O.史密斯 | D259: HPI-40D1.0B | E259: 1 | F259: 热水器 | G259: 1 | I259: =VLOOKUP(D259,Sheet2!H:I,2,0) -> 一级 | J259: =VLOOKUP(D259,L:M,2,0) -> 1 | L259: CAHP1.5D-120-12-W | M259: 1
A260: 260 | B260: 6920971946142 | C260: A.O.史密斯 | D260: HPI-50D1.0B | E260: 1 | F260: 热水器 | G260: 1 | I260: =VLOOKUP(D260,Sheet2!H:I,2,0) -> 一级 | J260: =VLOOKUP(D260,L:M,2,0) -> 1 | L260: CAHP2.0C-80-6-W
...

Sheet Sheet2
A1: A.O.史密斯 | B1: JZT-F3G1 | C1: 1 | D1: A08 | E1: 家用灶具 | H1: 商品型号 | I1: 能效等级
A2: A.O.史密斯 | B2: CXW-200-Q5+ | C2: 1 | D2: A07 | E2: 吸油烟机 | H2: L1PB20-V3 | I2: 二级
A3: A.O.史密斯 | B3: CXW-350-E5AWi | C3: 1 | D3: A07 | E3: 吸油烟机 | H3: L1PB26-V3 | I3: 二级
A4: A.O.史密斯 | B4: CXW-200-E6AWi | C4: 1 | D4: A07 | E4: 吸油烟机 | H4: L1PB33-V3 | I4: 二级
A5: A.O.史密斯 | B5: CXW-350-Q2AWi | C5: 1 | D5: A07 | E5: 吸油烟机 | H5: L1PB26-V9 | I5: 二级
A6: A.O.史密斯 | B6: CXW-200-Q3AWi | C6: 1 | D6: A07 | E6: 吸油烟机 | H6: L1PB33-V9 | I6: 二级
A7: A.O.史密斯 | B7: HPA-50D1.0N | C7: 1 | D7: A06 | E7: 热水器 | H7: L1PB37-V9 | I7: 二级
A8: A.O.史密斯 | B8: JSQ24-LSX | C8: 2 | D8: A06 | E8: 热水器 | H8: LL1GBQ24-V10 | I8: 一级
A9: A.O.史密斯 | B9: JSQ26-AJSX | C9: 2 | D9: A06 | E9: 热水器 | H9: LL1GBQ33-V10 | I9: 一级
A10: A.O.史密斯 | B10: JSQ26-CLB | C10: 2 | D10: A06 | E10: 热水器 | H10: LL1GBQ24-V11 | I10: 一级
A11: A.O.史密斯 | B11: JSQ26-HS-CWX | C11: 2 | D11: A06 | E11: 热水器 | H11: LL1GBQ33-V11 | I11: 一级
A12: A.O.史密斯 | B12: JSW26-OSX | C12: 2 | D12: A06 | E12: 热水器 | H12: L1PB26-CA | I12: 二级
... A53: A.O.史密斯 | B53: L1PB37-SA | C53: 2 | D53: A06 | E53: 热水器 | H53: R1700FWi | I53: 一级
H54: R1600SWi | I54: 一级
H55: R1800SWi | I55: 一级
H56: R2000FWi | I56: 一级
H57: R1800RC9 | I57: 一级
H58: R2500RC3 | I58: 一级
H59: R2000RC9 | I59: 一级
H60: R2300RC9 | I60: 一级
H61: R2000AB2 | I61: 一级
H62: R1600AB2 | I62: 一级
H63: R2500AB1 | I63: 一级
H64: R4000AB1 | I64: 一级
H65: R2500AB2 | I65: 一级
... H387: ER1600BWi | I387: 一级
H388: CEWH-60B6A | I388: 1
H389: JSQ31-C3CX | I389: 2
H390: JSW33-OSX | I390: 2
H391: CXW-400-Z3AWi | I391: 1
H392: DWQ15-MR1AWi | I392: 1
H393: DWQ15-RJ100Wi | I393: 1
H394: ER1600BWI | I394: 1
H395: EWH-60HG | I395: 1
H396: EWH-60HGVWi | I396: 1
H397: EWH-80HG | I397: 1
H398: EWH-80HGVWi | I398: 1
H399: JSQ26-QSX（白） | I399: 2
... H403: CXW-350-E3AWi | I403: 1
H404: KZQ45-M3Wi | I404: 不适用能效
H405: BZR100-A101 | I405: 1
H406: BZR100-A102 | I406: 1
H407: NR-D521CW1-H | I407: 1
H408: KZQ45-M1 | I408: 不适用能效
H409: EWH-30HGXWi | I409: 1
H410: R1200BG1 | I410: 2
H411: JZT-F3G1 | I411: 1
H412: CXW-200-Q5+ | I412: 1
H413: CXW-350-E5AWi | I413: 1
H414: CXW-200-E6AWi | I414: 1
H415: CXW-350-Q2AWi | I415: 1
H416: CXW-200-Q3AWi | I416: 1
H417: HPA-50D1.0N | I417: 1
H418: JSQ24-LSX | I418: 2
H419: JSQ26-AJSX | I419: 2
H420: JSQ26-CLB | I420: 2
... H434: R3000AB2-E | I434: 1
H435: S12G1 | I435: 不适用能效
H436: S15D1 | I436: 不适用能效
H437: R1800HX1 | I437: 1
H438: R4000AB1Ai-E | I438: 1
H439: DR2000FWi-E | I439: 1
H440: R1400F-E | I440: 1
H441: R2000FWi-E1 | I441: 1
H442: R1600SWi-E | I442: 1
H443: R1800SWi-E | I443: 1
H444: R3000AB2-E | I444: 1
H445: R2000DWWi-E | I445: 1
H446: DR2000DWWi3 | I446: 1
H447: DR2500DWAi2 | I447: 1
H448: DR1600FWi-E | I448: 1
... H451: DR4000DC18Ai | I451: 1
H452: S15D1 | I452: 不适用能效
H453: S30D1 | I453: 不适用能效
H454: WF15D1 | I454: 不适用能效
H455: WF30D1 | I455: 不适用能效
H456: CEWH-75PG6 | I456: 1
H457: SR50 | I457: 1
H458: EWH-60HGSWi | I458: 1
H459: EWH-80HGSWi | I459: 1
H460: EWH-10A5 | I460: 2
H461: EWH-10B5 | I461: 2
H462: L1PB37-EB | I462: 2
H463: L1PB37-SA | I463: 2
