Workbook

Sheet 汇总1
A1: 公司 | B1: 地区 | C1: 25年任务 | D1: 1月 | F1: 同比 | G1: 2月 | I1: 同比 | J1: 3月 | L1: 同比 | M1: 1-3月 | O1: 同比 | P1: 4月 | R1: 同比 | S1: 1-4月 | U1: 同比 | V1: 5月 | X1: 同比 | Y1: 1-5月 | AA1: 同比 | AB1: 6月 | AD1: 同比 | AE1: 1-6月 | AG1: 同比 | AH1: 7月 | AJ1: 同比 | AK1: 8月 | AM1: 同比 | AN1: 9月 | AP1: 同比 | AQ1: Q3 | AS1: 同比 | AT1: 1-9月 | AV1: 同比 | AW1: 10月 | AY1: 同比 | AZ1: 1-10月 | BB1: 同比 | BC1: 完成率
D2: 2024年 | E2: 2025年 | G2: 2024年 | H2: 2025年 | J2: 2024年 | K2: 2025年 | M2: 2024年 | N2: 2025年 | P2: 2024年 | Q2: 2025年 | S2: 2024年 | T2: 2025年 | V2: 2024年 | W2: 2025年 | Y2: 2024年 | Z2: 2025年 | AB2: 2024年 | AC2: 2025年 | AE2: 2024年 | AF2: 2025年 | AH2: 2024年 | AI2: 2025年 | AK2: 2024年 | AL2: 2025年 | AN2: 2024年 | AO2: 2025年 | AQ2: 2024年 | AR2: 2025年 | AT2: 2024年 | AU2: 2025年 | AW2: 2024年 | AX2: 2025年 | AZ2: 2024年 | BA2: 2025年
A3: 中冠 | B3: 杭州 | C3: 43500000 | D3: 1820726.5 | E3: 2134133.9 | F3: =E3/D3-1 -> 0.17213319 | G3: 665632 | H3: 2030936 | I3: =H3/G3-1 -> 2.0511394 | J3: 2335229.5 | K3: 3216768.4 | L3: =K3/J3-1 -> 0.37749557 | M3: 4821588 | N3: 7381838.3 | O3: =N3/M3-1 -> 0.53099732 | P3: 2932936.8 | Q3: 3545274.2 | R3: =Q3/P3-1 -> 0.20877959 | S3: 7754524.9 | T3: 10927113 | U3: =T3/S3-1 -> 0.40912728 | V3: 2754128.3 | W3: 2967729.7 | X3: =W3/V3-1 -> 0.077556827 | Y3: 10508653 | Z3: 13954842 | AA3: =Z3/Y3-1 -> 0.32793823 | AB3: 3834503.5 | AC3: 3744101 | AD3: =AC3/AB3-1 -> -0.023576064 | AE3: 14343157 | AF3: 17698368 | AG3: =AF3/AE3-1 -> 0.23392421 | AH3: 2104345.2 | AI3: 2351069.8 | AJ3: =AI3/AH3-1 -> 0.11724528 | AK3: 1930214.4 | AL3: 1841887.6 | AM3: =AL3/AK3-1 -> -0.045760052 | AN3: 2928380.3 | AO3: 1665365.5 | AP3: =AO3/AN3-1 -> -0.43130149 | AQ3: =AH3+AK3+AN3 -> 6962939.9 | AR3: =AI3+AL3+AO3 -> 5858323 | AS3: =AR3/AQ3-1 -> -0.15864232 | AT3: 21306097 | AU3: 23556691 | AV3: =AU3/AT3-1 -> 0.10563149 | AW3: 4365273.7 | AX3: 2242104.6 | AY3: =AX3/AW3-1 -> -0.48637709 | AZ3: 25671370 | BA3: 25798796 | BB3: =BA3/AZ3-1 -> 0.0049637194 | BC3: =BA3/C3 -> 0.59307576
B4: 自营以旧换新 | E4: 646534 | F4: =E4/D4-1 -> #DIV/0! | H4: 486138 | I4: =H4/G4-1 -> #DIV/0! | K4: 376210 | L4: =K4/J4-1 -> #DIV/0! | N4: 1508882 | O4: =N4/M4-1 -> #DIV/0! | P4: 127164 | Q4: 332230 | R4: =Q4/P4-1 -> 1.6126105 | S4: 127164 | T4: 1841112 | U4: =T4/S4-1 -> 13.478249 | V4: 237373 | W4: 272632 | X4: =W4/V4-1 -> 0.14853838 | Y4: 364537 | Z4: 2113744 | AA4: =Z4/Y4-1 -> 4.7984347 | AB4: 205722 | AC4: 351814 | AD4: =AC4/AB4-1 -> 0.71014281 | AE4: 570259 | AF4: 2466133 | AG4: =AF4/AE4-1 -> 3.3245841 | AH4: 377153 | AI4: 310892 | AJ4: =AI4/AH4-1 -> -0.17568732 | AK4: 425201 | AL4: 351404 | AM4: =AL4/AK4-1 -> -0.17355792 | AN4: 574651.12 | AO4: 534045 | AP4: =AO4/AN4-1 -> -0.070662213 | AQ4: =AH4+AK4+AN4 -> 1377005.1 | AR4: =AI4+AL4+AO4 -> 1196341 | AS4: =AR4/AQ4-1 -> -0.13120076 | AT4: 1947264.1 | AU4: 3662474 | AV4: =AU4/AT4-1 -> 0.88083063 | AW4: 522761 | AX4: 532345 | AY4: =AX4/AW4-1 -> 0.018333426 | AZ4: 2470025.1 | BA4: 4194819 | BB4: =BA4/AZ4-1 -> 0.69829002 | BC4: =BA4/C4 -> #DIV/0!
B5: 金衢 | C5: 12000000 | D5: 1110866.7 | E5: 802311.19 | F5: =E5/D5-1 -> -0.27776106 | G5: 225264 | H5: 353390.48 | I5: =H5/G5-1 -> 0.56878365 | J5: 365888 | K5: 969353.65 | L5: =K5/J5-1 -> 1.649318 | M5: 1702018.7 | N5: 2125055.3 | O5: =N5/M5-1 -> 0.24854992 | P5: 648379.45 | Q5: 857787.1 | R5: =Q5/P5-1 -> 0.32297083 | S5: 2350398.2 | T5: 2982842.4 | U5: =T5/S5-1 -> 0.26907963 | V5: 639095.81 | W5: 661714.03 | X5: =W5/V5-1 -> 0.035390969 | Y5: 2989494 | Z5: 3644556.5 | AA5: =Z5/Y5-1 -> 0.21912153 | AB5: 677171.21 | AC5: 970845.98 | AD5: =AC5/AB5-1 -> 0.43367876 | AE5: 3666665.2 | AF5: 4615402.4 | AG5: =AF5/AE5-1 -> 0.25874663 | AH5: 658308.08 | AI5: 383538.42 | AJ5: =AI5/AH5-1 -> -0.41738765 | AK5: 452837.18 | AL5: 243092 | AM5: =AL5/AK5-1 -> -0.46318012 | AN5: 672163.76 | AO5: 347351.48 | AP5: =AO5/AN5-1 -> -0.48323385 | AQ5: =AH5+AK5+AN5 -> 1783309 | AR5: =AI5+AL5+AO5 -> 973981.9 | AS5: =AR5/AQ5-1 -> -0.45383448 | AT5: 5449974.2 | AU5: 5589384.3 | AV5: =AU5/AT5-1 -> 0.025579961 | AW5: 1095151 | AX5: 262859.9 | AY5: =AX5/AW5-1 -> -0.75997839 | AZ5: 6545125.2 | BA5: 5852244.2 | BB5: =BA5/AZ5-1 -> -0.10586214 | BC5: =BA5/C5 -> 0.48768702
B6: 湖州 | C6: 10000000 | D6: 578458.28 | E6: 474052 | F6: =E6/D6-1 -> -0.1804906 | G6: 382921 | H6: 390891.04 | I6: =H6/G6-1 -> 0.020813797 | J6: 427042.28 | K6: 414836.06 | L6: =K6/J6-1 -> -0.028583165 | M6: 1388421.6 | N6: 1279779.1 | O6: =N6/M6-1 -> -0.0782489 | P6: 399949 | Q6: 411808.08 | R6: =Q6/P6-1 -> 0.029651481 | S6: 1788370.6 | T6: 1691587.2 | U6: =T6/S6-1 -> -0.054118191 | V6: 597544 | W6: 404990 | X6: =W6/V6-1 -> -0.32224238 | Y6: 2385914.6 | Z6: 2096577.2 | AA6: =Z6/Y6-1 -> -0.12126896 | AB6: 442447 | AC6: 273945 | AD6: =AC6/AB6-1 -> -0.3808411 | AE6: 2828361.6 | AF6: 2370522.2 | AG6: =AF6/AE6-1 -> -0.16187442 | AH6: 267076.26 | AI6: 314396 | AJ6: =AI6/AH6-1 -> 0.17717689 | AK6: 297074.56 | AL6: 301382.6 | AM6: =AL6/AK6-1 -> 0.014501545 | AN6: 493686.14 | AO6: 220016 | AP6: =AO6/AN6-1 -> -0.55434033 | AQ6: =AH6+AK6+AN6 -> 1057837 | AR6: =AI6+AL6+AO6 -> 835794.6 | AS6: =AR6/AQ6-1 -> -0.20990225 | AT6: 3886198.5 | AU6: 3206316.8 | AV6: =AU6/AT6-1 -> -0.17494776 | AW6: 594994.64 | AX6: 196308 | AY6: =AX6/AW6-1 -> -0.67006762 | AZ6: 4481193.2 | BA6: 3402624.8 | BB6: =BA6/AZ6-1 -> -0.24068777 | BC6: =BA6/C6 -> 0.34026248
B7: 小计2 | C7: =SUM(C3:C6) -> 65500000 | D7: =SUM(D3:D6) -> 3510051.5 | E7: =SUM(E3:E6) -> 4057031.1 | F7: =E7/D7-1 -> 0.15583237 | G7: =SUM(G3:G6) -> 1273817 | H7: =SUM(H3:H6) -> 3261355.5 | I7: =H7/G7-1 -> 1.5603015 | J7: =SUM(J3:J6) -> 3128159.8 | K7: =SUM(K3:K6) -> 4977168.1 | L7: =K7/J7-1 -> 0.59108497 | M7: =SUM(M3:M6) -> 7912028.3 | N7: =SUM(N3:N6) -> 12295555 | O7: =N7/M7-1 -> 0.55403321 | P7: =SUM(P3:P6) -> 4108429.3 | Q7: =SUM(Q3:Q6) -> 5147099.4 | R7: =Q7/P7-1 -> 0.2528144 | S7: =SUM(S3:S6) -> 12020458 | T7: =SUM(T3:T6) -> 17442654 | U7: =T7/S7-1 -> 0.45108071 | V7: =SUM(V3:V6) -> 4228141.1 | W7: =SUM(W3:W6) -> 4307065.8 | X7: =W7/V7-1 -> 0.018666518 | Y7: =SUM(Y3:Y6) -> 16248599 | Z7: =SUM(Z3:Z6) -> 21809720 | AA7: =Z7/Y7-1 -> 0.34225236 | AB7: =SUM(AB3:AB6) -> 5159843.7 | AC7: =SUM(AC3:AC6) -> 5340706 | AD7: =AC7/AB7-1 -> 0.035051889 | AE7: =SUM(AE3:AE6) -> 21408442 | AF7: =SUM(AF3:AF6) -> 27150426 | AG7: =AF7/AE7-1 -> 0.26821117 | AH7: =SUM(AH3:AH6) -> 3406882.6 | AI7: =SUM(AI3:AI6) -> 3359896.2 | AJ7: =AI7/AH7-1 -> -0.013791605 | AK7: =SUM(AK3:AK6) -> 3105327.1 | AL7: =SUM(AL3:AL6) -> 2737766.2 | AM7: =AL7/AK7-1 -> -0.11836462 | AN7: =SUM(AN3:AN6) -> 4668881.4 | AO7: =SUM(AO3:AO6) -> 2766778 | AP7: =AO7/AN7-1 -> -0.40740023 | AQ7: =SUM(AQ3:AQ6) -> 11181091 | AR7: =SUM(AR3:AR6) -> 8864440.5 | AS7: =AR7/AQ7-1 -> -0.20719361 | AT7: =SUM(AT3:AT6) -> 32589533 | AU7: =SUM(AU3:AU6) -> 36014866 | AV7: =AU7/AT7-1 -> 0.10510531 | AW7: =SUM(AW3:AW6) -> 6578180.3 | AX7: =SUM(AX3:AX6) -> 3233617.5 | AY7: =AX7/AW7-1 -> -0.50843283 | AZ7: =SUM(AZ3:AZ6) -> 39167714 | BA7: =SUM(BA3:BA6) -> 39248484 | BB7: =BA7/AZ7-1 -> 0.0020621587 | BC7: =BA7/C7 -> 0.59921349
B8: 嘉兴 | C8: 18000000 | D8: 757967.7 | E8: 1042811.5 | F8: =E8/D8-1 -> 0.37579939 | G8: 650701 | H8: 654682.86 | I8: =H8/G8-1 -> 0.006119339 | J8: 834107.08 | K8: 1262815.5 | L8: =K8/J8-1 -> 0.51397288 | M8: 2242775.8 | N8: 2979548.1 | O8: =N8/M8-1 -> 0.32850913 | P8: 1174295.4 | Q8: 591900.56 | R8: =Q8/P8-1 -> -0.49595259 | S8: 3417071.2 | T8: 3571448.7 | U8: =T8/S8-1 -> 0.045178304 | V8: 841508.5 | W8: 1004931.7 | X8: =W8/V8-1 -> 0.19420261 | Y8: 4258579.7 | Z8: 4576380.3 | AA8: =Z8/Y8-1 -> 0.074625968 | AB8: 1079235.6 | AC8: 1526485.7 | AD8: =AC8/AB8-1 -> 0.4144138 | AE8: 5337815.3 | AF8: 6102866 | AG8: =AF8/AE8-1 -> 0.14332657 | AH8: 767814 | AI8: 1057783 | AJ8: =AI8/AH8-1 -> 0.37765525 | AK8: 611076.9 | AL8: 976642.51 | AM8: =AL8/AK8-1 -> 0.59823176 | AN8: 1467492.1 | AO8: 781228.93 | AP8: =AO8/AN8-1 -> -0.46764352 | AQ8: =AH8+AK8+AN8 -> 2846383 | AR8: =AI8+AL8+AO8 -> 2815654.4 | AS8: =AR8/AQ8-1 -> -0.010795652 | AT8: 8184198.3 | AU8: 8919205.4 | AV8: =AU8/AT8-1 -> 0.089808076 | AW8: 2289433.9 | AX8: 911115.36 | AY8: =AX8/AW8-1 -> -0.60203465 | AZ8: 10473632 | BA8: 9830320.7 | BB8: =BA8/AZ8-1 -> -0.061422 | BC8: =BA8/C8 -> 0.54612893
B9: 台州 | C9: 13000000 | D9: 987273 | E9: 979673.76 | F9: =E9/D9-1 -> -0.0076972023 | G9: 496989.73 | H9: 426348.02 | I9: =H9/G9-1 -> -0.14213917 | J9: 704817.31 | K9: 895972.45 | L9: =K9/J9-1 -> 0.27121232 | M9: 2189080 | N9: 2301994.2 | O9: =N9/M9-1 -> 0.051580659 | P9: 634914 | Q9: 940883.01 | R9: =Q9/P9-1 -> 0.48190623 | S9: 2823994 | T9: 3242877.2 | U9: =T9/S9-1 -> 0.14833006 | V9: 730473.41 | W9: 967383.15 | X9: =W9/V9-1 -> 0.32432356 | Y9: 3554467.5 | Z9: 4210260.4 | AA9: =Z9/Y9-1 -> 0.18449823 | AB9: 396701.38 | AC9: 995385.52 | AD9: =AC9/AB9-1 -> 1.5091557 | AE9: 3951168.8 | AF9: 5205645.9 | AG9: =AF9/AE9-1 -> 0.31749519 | AH9: 528805.98 | AI9: 665570.61 | AJ9: =AI9/AH9-1 -> 0.25862913 | AK9: 747759.2 | AL9: 600199.76 | AM9: =AL9/AK9-1 -> -0.19733551 | AN9: 1304515.8 | AO9: 463720.7 | AP9: =AO9/AN9-1 -> -0.64452656 | AQ9: =AH9+AK9+AN9 -> 2581080.9 | AR9: =AI9+AL9+AO9 -> 1729491.1 | AS9: =AR9/AQ9-1 -> -0.32993536 | AT9: 6532249.8 | AU9: 6935137 | AV9: =AU9/AT9-1 -> 0.061676639 | AW9: 768318.57 | AX9: 666246.78 | AY9: =AX9/AW9-1 -> -0.13285087 | AZ9: 7300568.3 | BA9: 7601383.8 | BB9: =BA9/AZ9-1 -> 0.041204384 | BC9: =BA9/C9 -> 0.58472183
B10: 合计 | C10: =SUM(C7:C9) -> 96500000 | D10: =SUM(D7:D9) -> 5255292.2 | E10: =SUM(E7:E9) -> 6079516.4 | F10: =E10/D10-1 -> 0.15683699 | G10: =SUM(G7:G9) -> 2421507.7 | H10: =SUM(H7:H9) -> 4342386.4 | I10: =H10/G10-1 -> 0.79325731 | J10: =SUM(J7:J9) -> 4667084.2 | K10: =SUM(K7:K9) -> 7135956 | L10: =K10/J10-1 -> 0.52899663 | M10: =SUM(M7:M9) -> 12343884 | N10: =SUM(N7:N9) -> 17577097 | O10: =N10/M10-1 -> 0.42395189 | P10: =SUM(P7:P9) -> 5917638.7 | Q10: =SUM(Q7:Q9) -> 6679882.9 | R10: =Q10/P10-1 -> 0.12880885 | S10: =SUM(S7:S9) -> 18261523 | T10: =SUM(T7:T9) -> 24256980 | U10: =T10/S10-1 -> 0.32831091 | V10: =SUM(V7:V9) -> 5800123 | W10: =SUM(W7:W9) -> 6279380.5 | X10: =W10/V10-1 -> 0.082628862 | Y10: =SUM(Y7:Y9) -> 24061646 | Z10: =SUM(Z7:Z9) -> 30596361 | AA10: =Z10/Y10-1 -> 0.2715822 | AB10: =SUM(AB7:AB9) -> 6635780.7 | AC10: =SUM(AC7:AC9) -> 7862577.2 | AD10: =AC10/AB10-1 -> 0.18487599 | AE10: =SUM(AE7:AE9) -> 30697426 | AF10: =SUM(AF7:AF9) -> 38458938 | AG10: =AF10/AE10-1 -> 0.25283915 | AH10: =SUM(AH7:AH9) -> 4703502.6 | AI10: =SUM(AI7:AI9) -> 5083249.8 | AJ10: =AI10/AH10-1 -> 0.080737118 | AK10: =SUM(AK7:AK9) -> 4464163.2 | AL10: =SUM(AL7:AL9) -> 4314608.5 | AM10: =AL10/AK10-1 -> -0.033501168 | AN10: =SUM(AN7:AN9) -> 7440889.2 | AO10: =SUM(AO7:AO9) -> 4011727.6 | AP10: =AO10/AN10-1 -> -0.46085373 | AQ10: =SUM(AQ7:AQ9) -> 16608555 | AR10: =SUM(AR7:AR9) -> 13409586 | AS10: =AR10/AQ10-1 -> -0.19260971 | AT10: =SUM(AT7:AT9) -> 47305981 | AU10: =SUM(AU7:AU9) -> 51869209 | AV10: =AU10/AT10-1 -> 0.09646195 | AW10: =SUM(AW7:AW9) -> 9635932.8 | AX10: =SUM(AX7:AX9) -> 4810979.6 | AY10: =AX10/AW10-1 -> -0.50072507 | AZ10: =SUM(AZ7:AZ9) -> 56941914 | BA10: =SUM(BA7:BA9) -> 56680188 | BB10: =BA10/AZ10-1 -> -0.0045963676 | BC10: =BA10/C10 -> 0.58735946
A11: 晨涛 | B11: 绍兴 | C11: 26000000 | D11: 1971859.5 | E11: 1683228.3 | F11: =E11/D11-1 -> -0.14637513 | G11: 862585.12 | H11: 832659.54 | I11: =H11/G11-1 -> -0.034692901 | J11: 1454016 | K11: 2188918.4 | L11: =K11/J11-1 -> 0.50542937 | M11: 4288460.6 | N11: 4704806.2 | O11: =N11/M11-1 -> 0.097085103 | P11: 1189993.8 | Q11: 1508708.2 | R11: =Q11/P11-1 -> 0.2678287 | S11: 5478454.4 | T11: 6213514.5 | U11: =T11/S11-1 -> 0.1341729 | V11: 1649605.2 | W11: 1736224.2 | X11: =W11/V11-1 -> 0.052508915 | Y11: 7128059.6 | Z11: 7949738.7 | AA11: =Z11/Y11-1 -> 0.11527388 | AB11: 1202502.8 | AC11: 2136560.1 | AD11: =AC11/AB11-1 -> 0.77676095 | AE11: 8330562.4 | AF11: 10086299 | AG11: =AF11/AE11-1 -> 0.21075844 | AH11: 1775233.9 | AI11: 1520600.2 | AJ11: =AI11/AH11-1 -> -0.14343667 | AK11: 1110802.6 | AL11: 748570.86 | AM11: =AL11/AK11-1 -> -0.32609911 | AN11: 2053571 | AO11: 1180401.6 | AP11: =AO11/AN11-1 -> -0.4251956 | AQ11: =AH11+AK11+AN11 -> 4939607.5 | AR11: =AI11+AL11+AO11 -> 3449572.8 | AS11: =AR11/AQ11-1 -> -0.30165043 | AT11: 13270170 | AU11: 13535872 | AV11: =AU11/AT11-1 -> 0.020022473 | AW11: 2117929.2 | AX11: 1637345.4 | AY11: =AX11/AW11-1 -> -0.22691214 | AZ11: 15388099 | BA11: 15173217 | BB11: =BA11/AZ11-1 -> -0.013964184 | BC11: =BA11/C11 -> 0.58358526
A12: 吉远 | B12: 温丽 | C12: 15700000 | D12: 1223845.6 | E12: 595578.3 | F12: =E12/D12-1 -> -0.51335503 | G12: 355310.4 | H12: 470333.56 | I12: =H12/G12-1 -> 0.32372585 | J12: 756633.2 | K12: 1014927.8 | L12: =K12/J12-1 -> 0.34137357 | M12: 2335789.2 | N12: 2080839.6 | O12: =N12/M12-1 -> -0.10914922 | P12: 683687.2 | Q12: 937105.26 | R12: =Q12/P12-1 -> 0.37066375 | S12: 3019476.4 | T12: 3017944.9 | U12: =T12/S12-1 -> -0.00050720714 | V12: 541949.88 | W12: 706896 | X12: =W12/V12-1 -> 0.30435678 | Y12: 3561426.3 | Z12: 3724840.9 | AA12: =Z12/Y12-1 -> 0.0458846 | AB12: 565078.8 | AC12: 1078704.9 | AD12: =AC12/AB12-1 -> 0.90894594 | AE12: 4126505.1 | AF12: 4801339.8 | AG12: =AF12/AE12-1 -> 0.16353662 | AH12: 611348.06 | AI12: 1116779.7 | AJ12: =AI12/AH12-1 -> 0.82674933 | AK12: 565935 | AL12: 529250 | AM12: =AL12/AK12-1 -> -0.064821932 | AN12: 1201478.6 | AO12: 574943.16 | AP12: =AO12/AN12-1 -> -0.52147034 | AQ12: =AH12+AK12+AN12 -> 2378761.7 | AR12: =AI12+AL12+AO12 -> 2220972.8 | AS12: =AR12/AQ12-1 -> -0.066332361 | AT12: 6505266.8 | AU12: 7023603.6 | AV12: =AU12/AT12-1 -> 0.079679564 | AW12: 2091707.1 | AX12: 407028.36 | AY12: =AX12/AW12-1 -> -0.80540853 | AZ12: 8596973.8 | BA12: 7430632 | BB12: =BA12/AZ12-1 -> -0.13566889 | BC12: =BA12/C12 -> 0.47328866
A13: 汇总 | C13: =SUM(C10:C12) -> 138200000 | D13: =SUM(D10:D12) -> 8450997.2 | E13: =SUM(E10:E12) -> 8358323 | F13: =E13/D13-1 -> -0.010966075 | G13: =SUM(G10:G12) -> 3639403.2 | H13: =SUM(H10:H12) -> 5645379.5 | I13: =H13/G13-1 -> 0.55118275 | J13: =SUM(J10:J12) -> 6877733.4 | K13: =SUM(K10:K12) -> 10339802 | L13: =K13/J13-1 -> 0.50337351 | M13: =SUM(M10:M12) -> 18968134 | N13: =SUM(N10:N12) -> 24362743 | O13: =N13/M13-1 -> 0.28440378 | P13: =SUM(P10:P12) -> 7791319.7 | Q13: =SUM(Q10:Q12) -> 9125696.4 | R13: =Q13/P13-1 -> 0.17126454 | S13: =SUM(S10:S12) -> 26759454 | T13: =SUM(T10:T12) -> 33488439 | U13: =T13/S13-1 -> 0.251462 | V13: =SUM(V10:V12) -> 7991678.1 | W13: =SUM(W10:W12) -> 8722500.7 | X13: =W13/V13-1 -> 0.09144796 | Y13: =SUM(Y10:Y12) -> 34751132 | Z13: =SUM(Z10:Z12) -> 42270940 | AA13: =Z13/Y13-1 -> 0.21639032 | AB13: =SUM(AB10:AB12) -> 8403362.3 | AC13: =SUM(AC10:AC12) -> 11077842 | AD13: =AC13/AB13-1 -> 0.31826307 | AE13: =SUM(AE10:AE12) -> 43154494 | AF13: =SUM(AF10:AF12) -> 53346576 | AG13: =AF13/AE13-1 -> 0.23617662 | AH13: =SUM(AH10:AH12) -> 7090084.5 | AI13: =SUM(AI10:AI12) -> 7720629.7 | AJ13: =AI13/AH13-1 -> 0.088933384 | AK13: =SUM(AK10:AK12) -> 6140900.8 | AL13: =SUM(AL10:AL12) -> 5592429.4 | AM13: =AL13/AK13-1 -> -0.089314489 | AN13: =SUM(AN10:AN12) -> 10695939 | AO13: =SUM(AO10:AO12) -> 5767072.5 | AP13: =AO13/AN13-1 -> -0.46081662 | AQ13: =SUM(AQ10:AQ12) -> 23926924 | AR13: =SUM(AR10:AR12) -> 19080132 | AS13: =AR13/AQ13-1 -> -0.20256647 | AT13: =SUM(AT10:AT12) -> 67081418 | AU13: =SUM(AU10:AU12) -> 72428684 | AV13: =AU13/AT13-1 -> 0.079713068 | AW13: =SUM(AW10:AW12) -> 13845569 | AX13: =SUM(AX10:AX12) -> 6855353.4 | AY13: =AX13/AW13-1 -> -0.50487024 | AZ13: =SUM(AZ10:AZ12) -> 80926987 | BA13: =SUM(BA10:BA12) -> 79284037 | BB13: =BA13/AZ13-1 -> -0.020301634 | BC13: =BA13/C13 -> 0.57369057
B16: 电商 | D16: 159223.48 | E16: 10985.2 | F16: =E16/D16-1 -> -0.93100766 | G16: 17619.22 | H16: 3564.8 | I16: =H16/G16-1 -> -0.79767549 | J16: 15307.5 | K16: 165.6 | L16: =K16/J16-1 -> -0.98918177 | M16: 192150.2 | N16: 14715.6 | O16: =N16/M16-1 -> -0.92341616 | P16: 15307.5 | Q16: 165.6 | R16: =Q16/P16-1 -> -0.98918177 | S16: 192150.2 | T16: 14715.6 | U16: =T16/S16-1 -> -0.92341616 | V16: 7356.6 | X16: =W16/V16-1 -> -1 | Y16: 226296.48 | Z16: 14715.6 | AA16: =Z16/Y16-1 -> -0.93497203 | AB16: 10109.2 | AC16: 6590.6 | AD16: =AC16/AB16-1 -> -0.34805919 | AE16: 236405.68 | AF16: 21306.2 | AG16: =AF16/AE16-1 -> -0.90987442 | AH16: 30218.12 | AI16: 10907.2 | AJ16: =AI16/AH16-1 -> -0.63905101 | AK16: 18456 | AL16: 4860.8 | AM16: =AL16/AK16-1 -> -0.73662765 | AN16: 32843.62 | AO16: 6872.6 | AP16: =AO16/AN16-1 -> -0.79074779 | AT16: 317923.42 | AU16: 43946.8 | AV16: =AU16/AT16-1 -> -0.86176923 | AW16: 6011.6 | AX16: 9287 | AY16: =AX16/AW16-1 -> 0.54484663 | AZ16: 323935.02 | BA16: 53233.8 | BB16: =BA16/AZ16-1 -> -0.83566519

Sheet 杭州
I1: 合同任务 | J1: 1月 | L1: 同比 | M1: 2月 | O1: 同比 | P1: 1-2月 | R1: 同比 | S1: 3月 | U1: 同比 | V1: 1-3月 | X1: 同比 | Y1: 4月 | AA1: 同比 | AB1: 1-4月 | AD1: 同比 | AE1: 5月 | AG1: 同比 | AH1: 1-5月 | AJ1: 同比 | AK1: 6月 | AM1: 同比 | AN1: 1-6月 | AP1: 同比 | AQ1: 7月 | AS1: 同比 | AT1: 1-7月 | AV1: 同比 | AW1: 8月 | AY1: 同比 | AZ1: 1-8月 | BB1: 同比 | BC1: 9月 | BE1: 同比 | BF1: 1-9月 | BH1: 同比 | BI1: 10月 | BK1: 同比 | BL1: 1-10月 | BN1: 同比 | BO1: 11月 | BP1: 12月 | BQ1: 全年 | BR1: 完成率
A2: 大地区 | B2: 序号 | C2: 门店 | D2: 渠道 | E2: 渠道细分 | F2: 大区 | G2: 市/区/县 | H2: 业务员 | J2: 2024年 | K2: 2025年 | M2: 2024年 | N2: 2025年 | P2: 2024年 | Q2: 2025年 | S2: 2024年 | T2: 2025年 | V2: 2024年 | W2: 2025年 | Y2: 2024年 | Z2: 2025年 | AB2: 2024年 | AC2: 2025年 | AE2: 2024年 | AF2: 2025年 | AH2: 2024年 | AI2: 2025年 | AK2: 2024年 | AL2: 2025年 | AN2: 2024年 | AO2: 2025年 | AQ2: 2024年 | AR2: 2025年 | AT2: 2024年 | AU2: 2025年 | AW2: 2024年 | AX2: 2025年 | AZ2: 2024年 | BA2: 2025年 | BC2: 2024年 | BD2: 2025年 | BF2: 2024年 | BG2: 2025年 | BI2: 2024年 | BJ2: 2025年 | BL2: 2024年 | BM2: 2025年 | BO2: 2024年 | BP2: 2024年 | BQ2: 2024年 | BS2: 24年场地费 | BT2: 25年场地费 | BU2: 25年特殊
A3: 杭州 | B3: 杭州 | C3: 汇德隆 | D3: TOP渠道 | E3: TOP渠道 | F3: 萧山区 | G3: 萧山区 | H3: 董培培 | I3: 800 | J3: 100000 | K3: 180000 | L3: =K3/J3-1 -> 0.8 | N3: 90000 | O3: =N3/M3-1 -> #DIV/0! | P3: =J3+M3 -> 100000 | Q3: =K3+N3 -> 270000 | R3: =Q3/P3-1 -> 1.7 | S3: 540000 | T3: 200000 | U3: =T3/S3-1 -> -0.62962963 | V3: =S3+P3 -> 640000 | W3: =T3+Q3 -> 470000 | X3: =W3/V3-1 -> -0.265625 | Y3: 550000 | Z3: =620000+30000+42800 -> 692800 | AA3: =Z3/Y3-1 -> 0.25963636 | AB3: =Y3+V3 -> 1190000 | AC3: =Z3+W3 -> 1162800 | AD3: =AC3/AB3-1 -> -0.022857143 | AE3: 513000 | AF3: 480000 | AG3: =AF3/AE3-1 -> -0.064327485 | AH3: =AE3+AB3 -> 1703000 | AI3: =AF3+AC3 -> 1642800 | AJ3: =AI3/AH3-1 -> -0.035349383 | AK3: 350000 | AL3: 180000 | AM3: =AL3/AK3-1 -> -0.48571429 | AN3: =AK3+AH3 -> 2053000 | AO3: =AL3+AI3 -> 1822800 | AP3: =AO3/AN3-1 -> -0.11212859 | AQ3: 200000 | AR3: 420000 | AS3: =AR3/AQ3-1 -> 1.1 | AT3: =AQ3+AN3 -> 2253000 | AU3: =AR3+AO3 -> 2242800 | AV3: =AU3/AT3-1 -> -0.0045272969 | AW3: 190000 | AX3: 310000 | AY3: =AX3/AW3-1 -> 0.63157895 | AZ3: =AW3+AT3 -> 2443000 | BA3: =AX3+AU3 -> 2552800 | BB3: =BA3/AZ3-1 -> 0.04494474 | BC3: 730000 | BD3: 250000 | BE3: =BD3/BC3-1 -> -0.65753425 | BF3: =BC3+AZ3 -> 3173000 | BG3: =BD3+BA3 -> 2802800 | BH3: =BG3/BF3-1 -> -0.11667192 | BI3: 840000 | BJ3: 300000 | BK3: =BJ3/BI3-1 -> -0.64285714 | BL3: =BI3+BF3 -> 4013000 | BM3: =BJ3+BG3 -> 3102800 | BN3: =BM3/BL3-1 -> -0.22681286 | BO3: 180000 | BP3: 260000 | BQ3: 4453000 | BR3: =(BM3+BM4)/10000/I3 -> 0.55794035 | BS3: 83000 | BT3: =30000+42800 -> 72800
A4: 杭州 | B4: 杭州 | C4: 萧山汇德隆净水 | D4: TOP渠道 | E4: TOP渠道 | F4: 萧山区 | G4: 萧山区 | H4: 董培培 | J4: 109082.35 | K4: 85017.95 | L4: =K4/J4-1 -> -0.22060764 | N4: 124698.5 | O4: =N4/M4-1 -> #DIV/0! | P4: =J4+M4 -> 109082.35 | Q4: =K4+N4 -> 209716.45 | R4: =Q4/P4-1 -> 0.92255163 | S4: 98942.87 | U4: =T4/S4-1 -> -1 | V4: =S4+P4 -> 208025.22 | W4: =T4+Q4 -> 209716.45 | X4: =W4/V4-1 -> 0.0081299277 | Y4: 96183.1 | Z4: 277266.5 | AA4: =Z4/Y4-1 -> 1.8826946 | AB4: =Y4+V4 -> 304208.32 | AC4: =Z4+W4 -> 486982.95 | AD4: =AC4/AB4-1 -> 0.60082062 | AE4: 108234.5 | AF4: 108269.25 | AG4: =AF4/AE4-1 -> 0.00032106214 | AH4: =AE4+AB4 -> 412442.82 | AI4: =AF4+AC4 -> 595252.2 | AJ4: =AI4/AH4-1 -> 0.4432357 | AK4: 329415.3 | AL4: 173565 | AM4: =AL4/AK4-1 -> -0.4731119 | AN4: =AK4+AH4 -> 741858.12 | AO4: =AL4+AI4 -> 768817.2 | AP4: =AO4/AN4-1 -> 0.036339941 | AQ4: 83070 | AR4: 256417.7 | AS4: =AR4/AQ4-1 -> 2.0867666 | AT4: =AQ4+AN4 -> 824928.12 | AU4: =AR4+AO4 -> 1025234.9 | AV4: =AU4/AT4-1 -> 0.24281725 | AW4: 170557.8 | AX4: 110759 | AY4: =AX4/AW4-1 -> -0.35060724 | AZ4: =AW4+AT4 -> 995485.92 | BA4: =AX4+AU4 -> 1135993.9 | BB4: =BA4/AZ4-1 -> 0.14114512 | BC4: 58082.8 | BE4: =BD4/BC4-1 -> -1 | BF4: =BC4+AZ4 -> 1053568.7 | BG4: =BD4+BA4 -> 1135993.9 | BH4: =BG4/BF4-1 -> 0.07823427 | BJ4: 224728.9 | BK4: =BJ4/BI4-1 -> #DIV/0! | BL4: =BI4+BF4 -> 1053568.7 | BM4: =BJ4+BG4 -> 1360722.8 | BN4: =BM4/BL4-1 -> 0.29153683 | BO4: 407846.4 | BP4: 134778.1 | BQ4: 1596193.2
A5: 杭州 | B5: 杭州 | C5: 杭州兴达京昀电器有限公司 | D5: 经销 | E5: TOP渠道 | F5: 临平区 | G5: 临平区 | H5: 吴海林 | I5: 130 | K5: 100000 | L5: =K5/J5-1 -> #DIV/0! | O5: =N5/M5-1 -> #DIV/0! | P5: =J5+M5 -> 0 | Q5: =K5+N5 -> 100000 | R5: =Q5/P5-1 -> #DIV/0! | T5: 60000 | U5: =T5/S5-1 -> #DIV/0! | V5: =S5+P5 -> 0 | W5: =T5+Q5 -> 160000 | X5: =W5/V5-1 -> #DIV/0! | Y5: 100000 | Z5: 50000 | AA5: =Z5/Y5-1 -> -0.5 | AB5: =Y5+V5 -> 100000 | AC5: =Z5+W5 -> 210000 | AD5: =AC5/AB5-1 -> 1.1 | AE5: 100000 | AF5: 60000 | AG5: =AF5/AE5-1 -> -0.4 | AH5: =AE5+AB5 -> 200000 | AI5: =AF5+AC5 -> 270000 | AJ5: =AI5/AH5-1 -> 0.35 | AK5: 100000 | AL5: 120000 | AM5: =AL5/AK5-1 -> 0.2 | AN5: =AK5+AH5 -> 300000 | AO5: =AL5+AI5 -> 390000 | AP5: =AO5/AN5-1 -> 0.3 | AQ5: 100000 | AR5: 100000 | AS5: =AR5/AQ5-1 -> 0 | AT5: =AQ5+AN5 -> 400000 | AU5: =AR5+AO5 -> 490000 | AV5: =AU5/AT5-1 -> 0.225 | AW5: 100000 | AX5: 50000 | AY5: =AX5/AW5-1 -> -0.5 | AZ5: =AW5+AT5 -> 500000 | BA5: =AX5+AU5 -> 540000 | BB5: =BA5/AZ5-1 -> 0.08 | BC5: 100000 | BD5: 100000 | BE5: =BD5/BC5-1 -> 0 | BF5: =BC5+AZ5 -> 600000 | BG5: =BD5+BA5 -> 640000 | BH5: =BG5/BF5-1 -> 0.066666667 | BI5: 100000 | BJ5: 100000 | BK5: =BJ5/BI5-1 -> 0 | BL5: =BI5+BF5 -> 700000 | BM5: =BJ5+BG5 -> 740000 | BN5: =BM5/BL5-1 -> 0.057142857 | BO5: 200000 | BP5: 100000 | BQ5: 1000000 | BR5: =BM5/10000/I5 -> 0.56923077
A6: 杭州 | B6: 杭州 | C6: 杭州临安一栋电器有限公司 | D6: 加盟 | E6: 加盟 | F6: 临安区 | G6: 临安区 | H6: 吴海林 | I6: 190 | J6: 140000 | K6: 41700 | L6: =K6/J6-1 -> -0.70214286 | M6: 60000 | N6: =20000+7875 -> 27875 | O6: =N6/M6-1 -> -0.53541667 | P6: =J6+M6 -> 200000 | Q6: =K6+N6 -> 69575 | R6: =Q6/P6-1 -> -0.652125 | S6: 60000 | T6: =55000+39786 -> 94786 | U6: =T6/S6-1 -> 0.57976667 | V6: =S6+P6 -> 260000 | W6: =T6+Q6 -> 164361 | X6: =W6/V6-1 -> -0.36784231 | Y6: 270219 | Z6: 67000 | AA6: =Z6/Y6-1 -> -0.75205296 | AB6: =Y6+V6 -> 530219 | AC6: =Z6+W6 -> 231361 | AD6: =AC6/AB6-1 -> -0.56365011 | AE6: 61019 | AG6: =AF6/AE6-1 -> -1 | AH6: =AE6+AB6 -> 591238 | AI6: =AF6+AC6 -> 231361 | AJ6: =AI6/AH6-1 -> -0.60868381 | AK6: 501898 | AL6: 30253.74 | AM6: =AL6/AK6-1 -> -0.93972134 | AN6: =AK6+AH6 -> 1093136 | AO6: =AL6+AI6 -> 261614.74 | AP6: =AO6/AN6-1 -> -0.76067503 | AR6: 40000 | AS6: =AR6/AQ6-1 -> #DIV/0! | AT6: =AQ6+AN6 -> 1093136 | AU6: =AR6+AO6 -> 301614.74 | AV6: =AU6/AT6-1 -> -0.72408306 | AX6: 70000 | AY6: =AX6/AW6-1 -> #DIV/0! | AZ6: =AW6+AT6 -> 1093136 | BA6: =AX6+AU6 -> 371614.74 | BB6: =BA6/AZ6-1 -> -0.66004711 | BC6: 43506 | BD6: 30000 | BE6: =BD6/BC6-1 -> -0.31043994 | BF6: =BC6+AZ6 -> 1136642 | BG6: =BD6+BA6 -> 401614.74 | BH6: =BG6/BF6-1 -> -0.64666558 | BI6: 89609 | BJ6: 40000 | BK6: =BJ6/BI6-1 -> -0.55361627 | BL6: =BI6+BF6 -> 1226251 | BM6: =BJ6+BG6 -> 441614.74 | BN6: =BM6/BL6-1 -> -0.63986595 | BO6: 10000 | BP6: 175000 | BQ6: 1411251 | BR6: =BM6/10000/I6 -> 0.23242881 | BS6: 61019
A7: 杭州 | B7: 杭州 | C7: 杭州宏信机电有限公司 | D7: 加盟 | E7: 加盟 | F7: 富阳区 | G7: 富阳区 | H7: 吴海林 | I7: 270 | J7: 215180.88 | K7: 10000 | L7: =K7/J7-1 -> -0.95352747 | M7: 146500 | N7: 83000 | O7: =N7/M7-1 -> -0.4334471 | P7: =J7+M7 -> 361680.88 | Q7: =K7+N7 -> 93000 | R7: =Q7/P7-1 -> -0.74286725 | S7: 280836 | T7: 71000 | U7: =T7/S7-1 -> -0.74718341 | V7: =S7+P7 -> 642516.88 | W7: =T7+Q7 -> 164000 | X7: =W7/V7-1 -> -0.74475379 | Y7: 201000 | Z7: 140000 | AA7: =Z7/Y7-1 -> -0.30348259 | AB7: =Y7+V7 -> 843516.88 | AC7: =Z7+W7 -> 304000 | AD7: =AC7/AB7-1 -> -0.63960413 | AE7: 182933 | AF7: 70000 | AG7: =AF7/AE7-1 -> -0.61734624 | AH7: =AE7+AB7 -> 1026449.9 | AI7: =AF7+AC7 -> 374000 | AJ7: =AI7/AH7-1 -> -0.63563735 | AK7: 205000 | AL7: 65840 | AM7: =AL7/AK7-1 -> -0.67882927 | AN7: =AK7+AH7 -> 1231449.9 | AO7: =AL7+AI7 -> 439840 | AP7: =AO7/AN7-1 -> -0.64282753 | AQ7: 157000 | AR7: 39000 | AS7: =AR7/AQ7-1 -> -0.75159236 | AT7: =AQ7+AN7 -> 1388449.9 | AU7: =AR7+AO7 -> 478840 | AV7: =AU7/AT7-1 -> -0.65512619 | AW7: 106000 | AX7: 95500 | AY7: =AX7/AW7-1 -> -0.099056604 | AZ7: =AW7+AT7 -> 1494449.9 | BA7: =AX7+AU7 -> 574340 | BB7: =BA7/AZ7-1 -> -0.61568467 | BC7: 142000 | BD7: 19000 | BE7: =BD7/BC7-1 -> -0.86619718 | BF7: =BC7+AZ7 -> 1636449.9 | BG7: =BD7+BA7 -> 593340 | BH7: =BG7/BF7-1 -> -0.63742244 | BI7: 219169 | BJ7: 34000 | BK7: =BJ7/BI7-1 -> -0.84486857 | BL7: =BI7+BF7 -> 1855618.9 | BM7: =BJ7+BG7 -> 627340 | BN7: =BM7/BL7-1 -> -0.66192411 | BO7: 239000 | BP7: 343500 | BQ7: 2438118.9 | BR7: =BM7/10000/I7 -> 0.23234815 | BS7: 106933
A8: 杭州 | B8: 杭州 | C8: 桐庐佳尼特水处理设备有限公司 | D8: 加盟 | E8: 加盟 | F8: 桐庐县 | G8: 桐庐县 | H8: 吴海林 | I8: 190 | J8: 100000 | K8: 149040 | L8: =K8/J8-1 -> 0.4904 | M8: 30000 | N8: 72140 | O8: =N8/M8-1 -> 1.4046667 | P8: =J8+M8 -> 130000 | Q8: =K8+N8 -> 221180 | R8: =Q8/P8-1 -> 0.70138462 | S8: 70000 | T8: 160000 | U8: =T8/S8-1 -> 1.2857143 | V8: =S8+P8 -> 200000 | W8: =T8+Q8 -> 381180 | X8: =W8/V8-1 -> 0.9059 | Y8: 90000 | Z8: 100000 | AA8: =Z8/Y8-1 -> 0.11111111 | AB8: =Y8+V8 -> 290000 | AC8: =Z8+W8 -> 481180 | AD8: =AC8/AB8-1 -> 0.65924138 | AE8: 65253 | AF8: 90000 | AG8: =AF8/AE8-1 -> 0.37924693 | AH8: =AE8+AB8 -> 355253 | AI8: =AF8+AC8 -> 571180 | AJ8: =AI8/AH8-1 -> 0.6078119 | AK8: 555000 | AL8: 275000 | AM8: =AL8/AK8-1 -> -0.5045045 | AN8: =AK8+AH8 -> 910253 | AO8: =AL8+AI8 -> 846180 | AP8: =AO8/AN8-1 -> -0.07039032 | AS8: =AR8/AQ8-1 -> #DIV/0! | AT8: =AQ8+AN8 -> 910253 | AU8: =AR8+AO8 -> 846180 | AV8: =AU8/AT8-1 -> -0.07039032 | AX8: 30000 | AY8: =AX8/AW8-1 -> #DIV/0! | AZ8: =AW8+AT8 -> 910253 | BA8: =AX8+AU8 -> 876180 | BB8: =BA8/AZ8-1 -> -0.03743245 | BC8: 6799 | BD8: 10000 | BE8: =BD8/BC8-1 -> 0.47080453 | BF8: =BC8+AZ8 -> 917052 | BG8: =BD8+BA8 -> 886180 | BH8: =BG8/BF8-1 -> -0.033664394 | BI8: 137020 | BJ8: 100000 | BK8: =BJ8/BI8-1 -> -0.27017954 | BL8: =BI8+BF8 -> 1054072 | BM8: =BJ8+BG8 -> 986180 | BN8: =BM8/BL8-1 -> -0.064409262 | BO8: 182000 | BP8: 220000 | BQ8: 1456072 | BR8: =BM8/10000/I8 -> 0.51904211 | BS8: 50253
A9: 杭州 | B9: 杭州 | C9: 杭州佳威信息科技有限公司 | D9: 经销 | E9: 经销 | F9: 建德市 | G9: 建德市 | H9: 吴海林 | J9: 10000 | L9: =K9/J9-1 -> -1 | O9: =N9/M9-1 -> #DIV/0! | P9: =J9+M9 -> 10000 | Q9: =K9+N9 -> 0 | R9: =Q9/P9-1 -> -1 | S9: 10000 | U9: =T9/S9-1 -> -1 | V9: =S9+P9 -> 20000 | W9: =T9+Q9 -> 0 | X9: =W9/V9-1 -> -1 | Y9: 10000 | AA9: =Z9/Y9-1 -> -1 | AB9: =Y9+V9 -> 30000 | AC9: =Z9+W9 -> 0 | AD9: =AC9/AB9-1 -> -1 | AG9: =AF9/AE9-1 -> #DIV/0! | AH9: =AE9+AB9 -> 30000 | AI9: =AF9+AC9 -> 0 | AJ9: =AI9/AH9-1 -> -1 | AM9: =AL9/AK9-1 -> #DIV/0! | AN9: =AK9+AH9 -> 30000 | AO9: =AL9+AI9 -> 0 | AP9: =AO9/AN9-1 -> -1 | AS9: =AR9/AQ9-1 -> #DIV/0! | AT9: =AQ9+AN9 -> 30000 | AU9: =AR9+AO9 -> 0 | AV9: =AU9/AT9-1 -> -1 | AY9: =AX9/AW9-1 -> #DIV/0! | AZ9: =AW9+AT9 -> 30000 | BA9: =AX9+AU9 -> 0 | BB9: =BA9/AZ9-1 -> -1 | BE9: =BD9/BC9-1 -> #DIV/0! | BF9: =BC9+AZ9 -> 30000 | BG9: =BD9+BA9 -> 0 | BH9: =BG9/BF9-1 -> -1 | BK9: =BJ9/BI9-1 -> #DIV/0! | BL9: =BI9+BF9 -> 30000 | BM9: =BJ9+BG9 -> 0 | BN9: =BM9/BL9-1 -> -1 | BQ9: 30000 | BR9: =BM9/10000/I9 -> #DIV/0!
A10: 杭州 | B10: 杭州 | C10: 杭州京品满屋家电有限公司 | D10: 经销 | E10: 经销 | F10: 淳安县 | G10: 淳安县 | H10: 吴海林 | I10: 60 | J10: 10980 | K10: 1887 | L10: =K10/J10-1 -> -0.82814208 | M10: 10390 | O10: =N10/M10-1 -> -1 | P10: =J10+M10 -> 21370 | Q10: =K10+N10 -> 1887 | R10: =Q10/P10-1 -> -0.91169864 | S10: 20613 | T10: 21472 | U10: =T10/S10-1 -> 0.041672731 | V10: =S10+P10 -> 41983 | W10: =T10+Q10 -> 23359 | X10: =W10/V10-1 -> -0.44360813 | Y10: 14343 | Z10: 24592 | AA10: =Z10/Y10-1 -> 0.7145646 | AB10: =Y10+V10 -> 56326 | AC10: =Z10+W10 -> 47951 | AD10: =AC10/AB10-1 -> -0.14868799 | AE10: 10168 | AF10: 35823 | AG10: =AF10/AE10-1 -> 2.5231117 | AH10: =AE10+AB10 -> 66494 | AI10: =AF10+AC10 -> 83774 | AJ10: =AI10/AH10-1 -> 0.25987307 | AK10: 6124 | AL10: 40090 | AM10: =AL10/AK10-1 -> 5.5463749 | AN10: =AK10+AH10 -> 72618 | AO10: =AL10+AI10 -> 123864 | AP10: =AO10/AN10-1 -> 0.7056928 | AR10: 5841 | AS10: =AR10/AQ10-1 -> #DIV/0! | AT10: =AQ10+AN10 -> 72618 | AU10: =AR10+AO10 -> 129705 | AV10: =AU10/AT10-1 -> 0.78612741 | AW10: 9927 | AX10: 19585 | AY10: =AX10/AW10-1 -> 0.97290219 | AZ10: =AW10+AT10 -> 82545 | BA10: =AX10+AU10 -> 149290 | BB10: =BA10/AZ10-1 -> 0.80858925 | BC10: 97064 | BD10: 24536 | BE10: =BD10/BC10-1 -> -0.74721833 | BF10: =BC10+AZ10 -> 179609 | BG10: =BD10+BA10 -> 173826 | BH10: =BG10/BF10-1 -> -0.032197718 | BI10: 75532 | BK10: =BJ10/BI10-1 -> -1 | BL10: =BI10+BF10 -> 255141 | BM10: =BJ10+BG10 -> 173826 | BN10: =BM10/BL10-1 -> -0.31870613 | BP10: 119846 | BQ10: 374987 | BR10: =BM10/10000/I10 -> 0.28971
A11: 杭州 | B11: 杭州 | C11: 杭州司亿博环境设备有限公司 | D11: 经销 | E11: 经销 | F11: 杭州市区 | G11: 钱塘区 | H11: 董培培 | I11: 10 | J11: 11748 | L11: =K11/J11-1 -> -1 | M11: 16445 | N11: 2274 | O11: =N11/M11-1 -> -0.86172089 | P11: =J11+M11 -> 28193 | Q11: =K11+N11 -> 2274 | R11: =Q11/P11-1 -> -0.91934168 | S11: 800 | U11: =T11/S11-1 -> -1 | V11: =S11+P11 -> 28993 | W11: =T11+Q11 -> 2274 | X11: =W11/V11-1 -> -0.92156727 | Z11: 2217 | AA11: =Z11/Y11-1 -> #DIV/0! | AB11: =Y11+V11 -> 28993 | AC11: =Z11+W11 -> 4491 | AD11: =AC11/AB11-1 -> -0.84510054 | AE11: 19214 | AF11: 13140 | AG11: =AF11/AE11-1 -> -0.31612366 | AH11: =AE11+AB11 -> 48207 | AI11: =AF11+AC11 -> 17631 | AJ11: =AI11/AH11-1 -> -0.63426473 | AM11: =AL11/AK11-1 -> #DIV/0! | AN11: =AK11+AH11 -> 48207 | AO11: =AL11+AI11 -> 17631 | AP11: =AO11/AN11-1 -> -0.63426473 | AQ11: 4009 | AR11: 3043 | AS11: =AR11/AQ11-1 -> -0.24095784 | AT11: =AQ11+AN11 -> 52216 | AU11: =AR11+AO11 -> 20674 | AV11: =AU11/AT11-1 -> -0.60406772 | AW11: 10575 | AY11: =AX11/AW11-1 -> -1 | AZ11: =AW11+AT11 -> 62791 | BA11: =AX11+AU11 -> 20674 | BB11: =BA11/AZ11-1 -> -0.67074899 | BC11: 800 | BE11: =BD11/BC11-1 -> -1 | BF11: =BC11+AZ11 -> 63591 | BG11: =BD11+BA11 -> 20674 | BH11: =BG11/BF11-1 -> -0.6748911 | BI11: 3078 | BK11: =BJ11/BI11-1 -> -1 | BL11: =BI11+BF11 -> 66669 | BM11: =BJ11+BG11 -> 20674 | BN11: =BM11/BL11-1 -> -0.68990085 | BP11: 3200 | BQ11: 69869 | BR11: =BM11/10000/I11 -> 0.20674
A12: 杭州 | B12: 杭州 | C12: 杭州五星 | D12: 五星 | E12: 五星 | F12: 杭州市区 | G12: 市区 | H12: 李燕霞 | I12: 560 | J12: -55370.32 | K12: 513987.69 | L12: =K12/J12-1 -> -10.282729 | N12: 456944.83 | O12: =N12/M12-1 -> #DIV/0! | P12: =J12+M12 -> -55370.32 | Q12: =K12+N12 -> 970932.52 | R12: =Q12/P12-1 -> -18.535252 | T12: =591327.2+48000 -> 639327.2 | U12: =T12/S12-1 -> #DIV/0! | V12: =S12+P12 -> -55370.32 | W12: =T12+Q12 -> 1610259.7 | X12: =W12/V12-1 -> -30.08164 | Y12: 442229.3 | Z12: =279375.22+41000+60000 -> 380375.22 | AA12: =Z12/Y12-1 -> -0.1398688 | AB12: =Y12+V12 -> 386858.98 | AC12: =Z12+W12 -> 1990634.9 | AD12: =AC12/AB12-1 -> 4.1456346 | AE12: 309190.52 | AF12: 403454.03 | AG12: =AF12/AE12-1 -> 0.30487193 | AH12: =AE12+AB12 -> 696049.5 | AI12: =AF12+AC12 -> 2394089 | AJ12: =AI12/AH12-1 -> 2.4395384 | AK12: 319675.55 | AL12: 521128.98 | AM12: =AL12/AK12-1 -> 0.63018091 | AN12: =AK12+AH12 -> 1015725.1 | AO12: =AL12+AI12 -> 2915218 | AP12: =AO12/AN12-1 -> 1.8700857 | AQ12: 528891.84 | AR12: 152639.86 | AS12: =AR12/AQ12-1 -> -0.71139683 | AT12: =AQ12+AN12 -> 1544616.9 | AU12: =AR12+AO12 -> 3067857.8 | AV12: =AU12/AT12-1 -> 0.98616099 | AW12: 226314.07 | AY12: =AX12/AW12-1 -> -1 | AZ12: =AW12+AT12 -> 1770931 | BA12: =AX12+AU12 -> 3067857.8 | BB12: =BA12/AZ12-1 -> 0.73234185 | BC12: 174190.5 | BE12: =BD12/BC12-1 -> -1 | BF12: =BC12+AZ12 -> 1945121.5 | BG12: =BD12+BA12 -> 3067857.8 | BH12: =BG12/BF12-1 -> 0.57720629 | BI12: 471478.84 | BK12: =BJ12/BI12-1 -> -1 | BL12: =BI12+BF12 -> 2416600.3 | BM12: =BJ12+BG12 -> 3067857.8 | BN12: =BM12/BL12-1 -> 0.26949327 | BO12: 897862.49 | BP12: 233096.17 | BQ12: 3547559 | BR12: =BM12/10000/I12 -> 0.54783175 | BS12: 94000 | BT12: =48000+41000 -> 89000 | BU12: 6+1.7
A13: 杭州 | B13: 杭州 | C13: 杭州临平江南家居专卖店 | D13: 直营 | E13: 直营 | F13: 临平区 | G13: 临平区 | H13: 专卖店 | I13: 180 | J13: 103977 | K13: 22066 | L13: =K13/J13-1 -> -0.78777999 | M13: 19500 | N13: 49149 | O13: =N13/M13-1 -> 1.5204615 | P13: =J13+M13 -> 123477 | Q13: =K13+N13 -> 71215 | R13: =Q13/P13-1 -> -0.42325291 | S13: 113494 | T13: 91366 | U13: =T13/S13-1 -> -0.19497066 | V13: =S13+P13 -> 236971 | W13: =T13+Q13 -> 162581 | X13: =W13/V13-1 -> -0.31392027 | Y13: 109059 | Z13: 67817 | AA13: =Z13/Y13-1 -> -0.37816228 | AB13: =Y13+V13 -> 346030 | AC13: =Z13+W13 -> 230398 | AD13: =AC13/AB13-1 -> -0.33416756 | AE13: 111723 | AF13: 71689 | AG13: =AF13/AE13-1 -> -0.35833266 | AH13: =AE13+AB13 -> 457753 | AI13: =AF13+AC13 -> 302087 | AJ13: =AI13/AH13-1 -> -0.34006549 | AK13: 173284 | AL13: 123804 | AM13: =AL13/AK13-1 -> -0.28554281 | AN13: =AK13+AH13 -> 631037 | AO13: =AL13+AI13 -> 425891 | AP13: =AO13/AN13-1 -> -0.32509346 | AQ13: 72134 | AR13: 47933 | AS13: =AR13/AQ13-1 -> -0.3355006 | AT13: =AQ13+AN13 -> 703171 | AU13: =AR13+AO13 -> 473824 | AV13: =AU13/AT13-1 -> -0.32616106 | AW13: 94856 | AX13: 51793 | AY13: =AX13/AW13-1 -> -0.45398288 | AZ13: =AW13+AT13 -> 798027 | BA13: =AX13+AU13 -> 525617 | BB13: =BA13/AZ13-1 -> -0.34135437 | BC13: 159320 | BD13: 24824 | BE13: =BD13/BC13-1 -> -0.8441878 | BF13: =BC13+AZ13 -> 957347 | BG13: =BD13+BA13 -> 550441 | BH13: =BG13/BF13-1 -> -0.42503502 | BI13: 185198.4 | BJ13: 49284 | BK13: =BJ13/BI13-1 -> -0.73388539 | BL13: =BI13+BF13 -> 1142545.4 | BM13: =BJ13+BG13 -> 599725 | BN13: =BM13/BL13-1 -> -0.47509744 | BO13: 81513 | BP13: 177473 | BQ13: 1401531.4 | BR13: =BM13/10000/I13 -> 0.33318056
A14: 杭州 | B14: 杭州 | C14: 杭州华泓电器有限公司 | D14: 经销 | E14: 经销 | F14: 萧山区 | G14: 萧山区 | H14: 董培培 | J14: 800 | L14: =K14/J14-1 -> -1 | O14: =N14/M14-1 -> #DIV/0! | P14: =J14+M14 -> 800 | Q14: =K14+N14 -> 0 | R14: =Q14/P14-1 -> -1 | U14: =T14/S14-1 -> #DIV/0! | V14: =S14+P14 -> 800 | W14: =T14+Q14 -> 0 | X14: =W14/V14-1 -> -1 | AA14: =Z14/Y14-1 -> #DIV/0! | AB14: =Y14+V14 -> 800 | AC14: =Z14+W14 -> 0 | AD14: =AC14/AB14-1 -> -1 | AG14: =AF14/AE14-1 -> #DIV/0! | AH14: =AE14+AB14 -> 800 | AI14: =AF14+AC14 -> 0 | AJ14: =AI14/AH14-1 -> -1 | AK14: 6071 | AM14: =AL14/AK14-1 -> -1 | AN14: =AK14+AH14 -> 6871 | AO14: =AL14+AI14 -> 0 | AP14: =AO14/AN14-1 -> -1 | AR14: 4498 | AS14: =AR14/AQ14-1 -> #DIV/0! | AT14: =AQ14+AN14 -> 6871 | AU14: =AR14+AO14 -> 4498 | AV14: =AU14/AT14-1 -> -0.34536458 | AW14: 6599 | AX14: 13050 | AY14: =AX14/AW14-1 -> 0.97757236 | AZ14: =AW14+AT14 -> 13470 | BA14: =AX14+AU14 -> 17548 | BB14: =BA14/AZ14-1 -> 0.30274684 | BC14: 16646 | BE14: =BD14/BC14-1 -> -1 | BF14: =BC14+AZ14 -> 30116 | BG14: =BD14+BA14 -> 17548 | BH14: =BG14/BF14-1 -> -0.4173197 | BI14: 8396 | BK14: =BJ14/BI14-1 -> -1 | BL14: =BI14+BF14 -> 38512 | BM14: =BJ14+BG14 -> 17548 | BN14: =BM14/BL14-1 -> -0.54434981 | BQ14: 38512 | BR14: =BM14/10000/I14 -> #DIV/0!
A15: 杭州 | B15: 杭州 | C15: 杭州金蝶零售 | D15: 零售 | E15: 零售 | F15: 杭州市区 | G15: 市区 | H15: 杭州零售 | J15: 111956.28 | K15: 76873.34 | L15: =K15/J15-1 -> -0.31336286 | M15: 43919 | N15: 43284.9 | O15: =N15/M15-1 -> -0.014437943 | P15: =J15+M15 -> 155875.28 | Q15: =K15+N15 -> 120158.24 | R15: =Q15/P15-1 -> -0.22913858 | S15: 80405.08 | T15: 119148.66 | U15: =T15/S15-1 -> 0.48185488 | V15: =S15+P15 -> 236280.36 | W15: =T15+Q15 -> 239306.9 | X15: =W15/V15-1 -> 0.012809105 | Y15: 82108.64 | Z15: 310195.38 | AA15: =Z15/Y15-1 -> 2.7778653 | AB15: =Y15+V15 -> 318389 | AC15: =Z15+W15 -> 549502.28 | AD15: =AC15/AB15-1 -> 0.72588337 | AE15: 209042.8 | AF15: 36281.12 | AG15: =AF15/AE15-1 -> -0.82644167 | AH15: =AE15+AB15 -> 527431.8 | AI15: =AF15+AC15 -> 585783.4 | AJ15: =AI15/AH15-1 -> 0.11063345 | AK15: 78620.76 | AL15: 30684.4 | AM15: =AL15/AK15-1 -> -0.60971631 | AN15: =AK15+AH15 -> 606052.56 | AO15: =AL15+AI15 -> 616467.8 | AP15: =AO15/AN15-1 -> 0.017185374 | AQ15: 153937.2 | AR15: 271358.5 | AS15: =AR15/AQ15-1 -> 0.76278703 | AT15: =AQ15+AN15 -> 759989.76 | AU15: =AR15+AO15 -> 887826.3 | AV15: =AU15/AT15-1 -> 0.16820824 | AW15: 172756.46 | AX15: 91767.56 | AY15: =AX15/AW15-1 -> -0.46880389 | AZ15: =AW15+AT15 -> 932746.22 | BA15: =AX15+AU15 -> 979593.86 | BB15: =BA15/AZ15-1 -> 0.050225494 | BC15: 226467.5 | BD15: 93879.44 | BE15: =BD15/BC15-1 -> -0.58546175 | BF15: =BC15+AZ15 -> 1159213.7 | BG15: =BD15+BA15 -> 1073473.3 | BH15: =BG15/BF15-1 -> -0.07396429 | BI15: 216712.16 | BJ15: 330288.06 | BK15: =BJ15/BI15-1 -> 0.52408642 | BL15: =BI15+BF15 -> 1375925.9 | BM15: =BJ15+BG15 -> 1403761.4 | BN15: =BM15/BL15-1 -> 0.020230363 | BO15: 164087.41 | BP15: 375150.88 | BQ15: 1915164.2 | BR15: =BM15/10000/I15 -> #DIV/0!
A16: 杭州 | B16: 杭州 | C16: 杭州金蝶零售（李燕霞） | D16: 零售 | E16: 零售 | F16: 杭州市区 | G16: 市区 | H16: 李燕霞 | L16: =K16/J16-1 -> #DIV/0! | N16: 6125 | O16: =N16/M16-1 -> #DIV/0! | P16: =J16+M16 -> 0 | Q16: =K16+N16 -> 6125 | R16: =Q16/P16-1 -> #DIV/0! | U16: =T16/S16-1 -> #DIV/0! | V16: =S16+P16 -> 0 | W16: =T16+Q16 -> 6125 | X16: =W16/V16-1 -> #DIV/0! | AA16: =Z16/Y16-1 -> #DIV/0! | AB16: =Y16+V16 -> 0 | AC16: =Z16+W16 -> 6125 | AD16: =AC16/AB16-1 -> #DIV/0! | AE16: 3636 | AG16: =AF16/AE16-1 -> -1 | AH16: =AE16+AB16 -> 3636 | AI16: =AF16+AC16 -> 6125 | AJ16: =AI16/AH16-1 -> 0.68454345 | AK16: 25759 | AM16: =AL16/AK16-1 -> -1 | AN16: =AK16+AH16 -> 29395 | AO16: =AL16+AI16 -> 6125 | AP16: =AO16/AN16-1 -> -0.79163123 | AS16: =AR16/AQ16-1 -> #DIV/0! | AT16: =AQ16+AN16 -> 29395 | AU16: =AR16+AO16 -> 6125 | AV16: =AU16/AT16-1 -> -0.79163123 | AW16: 2400 | AY16: =AX16/AW16-1 -> -1 | AZ16: =AW16+AT16 -> 31795 | BA16: =AX16+AU16 -> 6125 | BB16: =BA16/AZ16-1 -> -0.80735965 | BC16: 29589 | BE16: =BD16/BC16-1 -> -1 | BF16: =BC16+AZ16 -> 61384 | BG16: =BD16+BA16 -> 6125 | BH16: =BG16/BF16-1 -> -0.9002183 | BK16: =BJ16/BI16-1 -> #DIV/0! | BL16: =BI16+BF16 -> 61384 | BM16: =BJ16+BG16 -> 6125 | BN16: =BM16/BL16-1 -> -0.9002183 | BQ16: 61384 | BR16: =BM16/10000/I16 -> #DIV/0!
A17: 杭州 | B17: 杭州 | C17: 萧山世纪龙建材专卖店 | D17: 直营 | E17: 直营 | F17: 萧山区 | G17: 萧山区 | H17: 专卖店 | J17: 52801 | L17: =K17/J17-1 -> -1 | O17: =N17/M17-1 -> #DIV/0! | P17: =J17+M17 -> 52801 | Q17: =K17+N17 -> 0 | R17: =Q17/P17-1 -> -1 | U17: =T17/S17-1 -> #DIV/0! | V17: =S17+P17 -> 52801 | W17: =T17+Q17 -> 0 | X17: =W17/V17-1 -> -1 | AA17: =Z17/Y17-1 -> #DIV/0! | AB17: =Y17+V17 -> 52801 | AC17: =Z17+W17 -> 0 | AD17: =AC17/AB17-1 -> -1 | AG17: =AF17/AE17-1 -> #DIV/0! | AH17: =AE17+AB17 -> 52801 | AI17: =AF17+AC17 -> 0 | AJ17: =AI17/AH17-1 -> -1 | AM17: =AL17/AK17-1 -> #DIV/0! | AN17: =AK17+AH17 -> 52801 | AO17: =AL17+AI17 -> 0 | AP17: =AO17/AN17-1 -> -1 | AS17: =AR17/AQ17-1 -> #DIV/0! | AT17: =AQ17+AN17 -> 52801 | AU17: =AR17+AO17 -> 0 | AV17: =AU17/AT17-1 -> -1 | AY17: =AX17/AW17-1 -> #DIV/0! | AZ17: =AW17+AT17 -> 52801 | BA17: =AX17+AU17 -> 0 | BB17: =BA17/AZ17-1 -> -1 | BE17: =BD17/BC17-1 -> #DIV/0! | BF17: =BC17+AZ17 -> 52801 | BG17: =BD17+BA17 -> 0 | BH17: =BG17/BF17-1 -> -1 | BK17: =BJ17/BI17-1 -> #DIV/0! | BL17: =BI17+BF17 -> 52801 | BM17: =BJ17+BG17 -> 0 | BN17: =BM17/BL17-1 -> -1 | BQ17: 52801 | BR17: =BM17/10000/I17 -> #DIV/0!
A18: 杭州 | B18: 杭州 | C18: （新）古墩新时代专卖店 | D18: 直营 | E18: 直营 | F18: 杭州市区 | G18: 西湖风景名胜区 | H18: 专卖店 | J18: -16596 | L18: =K18/J18-1 -> -1 | O18: =N18/M18-1 -> #DIV/0! | P18: =J18+M18 -> -16596 | Q18: =K18+N18 -> 0 | R18: =Q18/P18-1 -> -1 | U18: =T18/S18-1 -> #DIV/0! | V18: =S18+P18 -> -16596 | W18: =T18+Q18 -> 0 | X18: =W18/V18-1 -> -1 | AA18: =Z18/Y18-1 -> #DIV/0! | AB18: =Y18+V18 -> -16596 | AC18: =Z18+W18 -> 0 | AD18: =AC18/AB18-1 -> -1 | AG18: =AF18/AE18-1 -> #DIV/0! | AH18: =AE18+AB18 -> -16596 | AI18: =AF18+AC18 -> 0 | AJ18: =AI18/AH18-1 -> -1 | AM18: =AL18/AK18-1 -> #DIV/0! | AN18: =AK18+AH18 -> -16596 | AO18: =AL18+AI18 -> 0 | AP18: =AO18/AN18-1 -> -1 | AQ18: 500 | AS18: =AR18/AQ18-1 -> -1 | AT18: =AQ18+AN18 -> -16096 | AU18: =AR18+AO18 -> 0 | AV18: =AU18/AT18-1 -> -1 | AY18: =AX18/AW18-1 -> #DIV/0! | AZ18: =AW18+AT18 -> -16096 | BA18: =AX18+AU18 -> 0 | BB18: =BA18/AZ18-1 -> -1 | BE18: =BD18/BC18-1 -> #DIV/0! | BF18: =BC18+AZ18 -> -16096 | BG18: =BD18+BA18 -> 0 | BH18: =BG18/BF18-1 -> -1 | BK18: =BJ18/BI18-1 -> #DIV/0! | BL18: =BI18+BF18 -> -16096 | BM18: =BJ18+BG18 -> 0 | BN18: =BM18/BL18-1 -> -1 | BO18: -4600 | BQ18: -20696 | BR18: =BM18/10000/I18 -> #DIV/0!
A19: 杭州 | B19: 杭州 | C19: （新）宏丰专卖店 | D19: 直营 | E19: 直营 | F19: 杭州市区 | G19: 市区 | H19: 专卖店 | L19: =K19/J19-1 -> #DIV/0! | M19: -3358 | O19: =N19/M19-1 -> -1 | P19: =J19+M19 -> -3358 | Q19: =K19+N19 -> 0 | R19: =Q19/P19-1 -> -1 | U19: =T19/S19-1 -> #DIV/0! | V19: =S19+P19 -> -3358 | W19: =T19+Q19 -> 0 | X19: =W19/V19-1 -> -1 | AA19: =Z19/Y19-1 -> #DIV/0! | AB19: =Y19+V19 -> -3358 | AC19: =Z19+W19 -> 0 | AD19: =AC19/AB19-1 -> -1 | AG19: =AF19/AE19-1 -> #DIV/0! | AH19: =AE19+AB19 -> -3358 | AI19: =AF19+AC19 -> 0 | AJ19: =AI19/AH19-1 -> -1 | AM19: =AL19/AK19-1 -> #DIV/0! | AN19: =AK19+AH19 -> -3358 | AO19: =AL19+AI19 -> 0 | AP19: =AO19/AN19-1 -> -1 | AS19: =AR19/AQ19-1 -> #DIV/0! | AT19: =AQ19+AN19 -> -3358 | AU19: =AR19+AO19 -> 0 | AV19: =AU19/AT19-1 -> -1 | AY19: =AX19/AW19-1 -> #DIV/0! | AZ19: =AW19+AT19 -> -3358 | BA19: =AX19+AU19 -> 0 | BB19: =BA19/AZ19-1 -> -1 | BE19: =BD19/BC19-1 -> #DIV/0! | BF19: =BC19+AZ19 -> -3358 | BG19: =BD19+BA19 -> 0 | BH19: =BG19/BF19-1 -> -1 | BK19: =BJ19/BI19-1 -> #DIV/0! | BL19: =BI19+BF19 -> -3358 | BM19: =BJ19+BG19 -> 0 | BN19: =BM19/BL19-1 -> -1 | BQ19: -3358 | BR19: =BM19/10000/I19 -> #DIV/0!
A20: 杭州 | B20: 杭州 | C20: 杭州月星家居超级旗舰店 | D20: 直营 | E20: 直营 | F20: 杭州市区 | G20: 拱墅区 | H20: 专卖店 | L20: =K20/J20-1 -> #DIV/0! | O20: =N20/M20-1 -> #DIV/0! | P20: =J20+M20 -> 0 | Q20: =K20+N20 -> 0 | R20: =Q20/P20-1 -> #DIV/0! | U20: =T20/S20-1 -> #DIV/0! | V20: =S20+P20 -> 0 | W20: =T20+Q20 -> 0 | X20: =W20/V20-1 -> #DIV/0! | AA20: =Z20/Y20-1 -> #DIV/0! | AB20: =Y20+V20 -> 0 | AC20: =Z20+W20 -> 0 | AD20: =AC20/AB20-1 -> #DIV/0! | AG20: =AF20/AE20-1 -> #DIV/0! | AH20: =AE20+AB20 -> 0 | AI20: =AF20+AC20 -> 0 | AJ20: =AI20/AH20-1 -> #DIV/0! | AM20: =AL20/AK20-1 -> #DIV/0! | AN20: =AK20+AH20 -> 0 | AO20: =AL20+AI20 -> 0 | AP20: =AO20/AN20-1 -> #DIV/0! | AS20: =AR20/AQ20-1 -> #DIV/0! | AT20: =AQ20+AN20 -> 0 | AU20: =AR20+AO20 -> 0 | AV20: =AU20/AT20-1 -> #DIV/0! | AY20: =AX20/AW20-1 -> #DIV/0! | AZ20: =AW20+AT20 -> 0 | BA20: =AX20+AU20 -> 0 | BB20: =BA20/AZ20-1 -> #DIV/0! | BE20: =BD20/BC20-1 -> #DIV/0! | BF20: =BC20+AZ20 -> 0 | BG20: =BD20+BA20 -> 0 | BH20: =BG20/BF20-1 -> #DIV/0! | BK20: =BJ20/BI20-1 -> #DIV/0! | BL20: =BI20+BF20 -> 0 | BM20: =BJ20+BG20 -> 0 | BN20: =BM20/BL20-1 -> #DIV/0! | BQ20: 0 | BR20: =BM20/10000/I20 -> #DIV/0!
A21: 杭州 | B21: 杭州 | C21: 杭州恒大建材超级旗舰店 | D21: 直营 | E21: 直营 | F21: 杭州市区 | G21: 钱塘区 | H21: 专卖店 | I21: 230 | J21: 164507 | K21: 108230.5 | L21: =K21/J21-1 -> -0.34209183 | M21: 107411 | N21: 59256.4 | O21: =N21/M21-1 -> -0.44832094 | P21: =J21+M21 -> 271918 | Q21: =K21+N21 -> 167486.9 | R21: =Q21/P21-1 -> -0.38405365 | S21: 318901 | T21: 109309.1 | U21: =T21/S21-1 -> -0.65723187 | V21: =S21+P21 -> 590819 | W21: =T21+Q21 -> 276796 | X21: =W21/V21-1 -> -0.53150457 | Y21: 286782 | Z21: 130231 | AA21: =Z21/Y21-1 -> -0.54588851 | AB21: =Y21+V21 -> 877601 | AC21: =Z21+W21 -> 407027 | AD21: =AC21/AB21-1 -> -0.53620495 | AE21: 277032 | AF21: 123067.1 | AG21: =AF21/AE21-1 -> -0.55576576 | AH21: =AE21+AB21 -> 1154633 | AI21: =AF21+AC21 -> 530094.1 | AJ21: =AI21/AH21-1 -> -0.54089819 | AK21: 219679 | AL21: 158341.8 | AM21: =AL21/AK21-1 -> -0.27921285 | AN21: =AK21+AH21 -> 1374312 | AO21: =AL21+AI21 -> 688435.9 | AP21: =AO21/AN21-1 -> -0.4990687 | AQ21: 159081 | AR21: 49102 | AS21: =AR21/AQ21-1 -> -0.69133963 | AT21: =AQ21+AN21 -> 1533393 | AU21: =AR21+AO21 -> 737537.9 | AV21: =AU21/AT21-1 -> -0.51901574 | AW21: 201109 | AX21: =31899-3470 -> 28429 | AY21: =AX21/AW21-1 -> -0.85863885 | AZ21: =AW21+AT21 -> 1734502 | BA21: =AX21+AU21 -> 765966.9 | BB21: =BA21/AZ21-1 -> -0.55839376 | BC21: 242762.6 | BD21: 54601 | BE21: =BD21/BC21-1 -> -0.77508479 | BF21: =BC21+AZ21 -> 1977264.6 | BG21: =BD21+BA21 -> 820567.9 | BH21: =BG21/BF21-1 -> -0.58499844 | BI21: 349831.4 | BJ21: 65384 | BK21: =BJ21/BI21-1 -> -0.81309854 | BL21: =BI21+BF21 -> 2327096 | BM21: =BJ21+BG21 -> 885951.9 | BN21: =BM21/BL21-1 -> -0.61928863 | BO21: 127945.5 | BP21: 212464 | BQ21: 2667505.5 | BR21: =BM21/10000/I21 -> 0.38519648
A22: 杭州 | B22: 杭州 | C22: 二轻爱威专卖店 | D22: 加盟 | E22: 加盟 | F22: 杭州市区 | G22: 拱墅区 | H22: 专卖店 | J22: 78855 | K22: 24931 | L22: =K22/J22-1 -> -0.68383742 | M22: 39609 | N22: =16033+14550 -> 30583 | O22: =N22/M22-1 -> -0.2278775 | P22: =J22+M22 -> 118464 | Q22: =K22+N22 -> 55514 | R22: =Q22/P22-1 -> -0.53138506 | S22: 40486 | T22: 10700 | U22: =T22/S22-1 -> -0.73571111 | V22: =S22+P22 -> 158950 | W22: =T22+Q22 -> 66214 | X22: =W22/V22-1 -> -0.58342875 | Y22: 45990 | AA22: =Z22/Y22-1 -> -1 | AB22: =Y22+V22 -> 204940 | AC22: =Z22+W22 -> 66214 | AD22: =AC22/AB22-1 -> -0.67691032 | AE22: 26265 | AF22: -3281.96 | AG22: =AF22/AE22-1 -> -1.1249556 | AH22: =AE22+AB22 -> 231205 | AI22: =AF22+AC22 -> 62932.04 | AJ22: =AI22/AH22-1 -> -0.72780848 | AK22: 67133 | AM22: =AL22/AK22-1 -> -1 | AN22: =AK22+AH22 -> 298338 | AO22: =AL22+AI22 -> 62932.04 | AP22: =AO22/AN22-1 -> -0.78905791 | AQ22: 58226 | AS22: =AR22/AQ22-1 -> -1 | AT22: =AQ22+AN22 -> 356564 | AU22: =AR22+AO22 -> 62932.04 | AV22: =AU22/AT22-1 -> -0.82350422 | AW22: 24848 | AY22: =AX22/AW22-1 -> -1 | AZ22: =AW22+AT22 -> 381412 | BA22: =AX22+AU22 -> 62932.04 | BB22: =BA22/AZ22-1 -> -0.83500246 | BC22: 34493 | BE22: =BD22/BC22-1 -> -1 | BF22: =BC22+AZ22 -> 415905 | BG22: =BD22+BA22 -> 62932.04 | BH22: =BG22/BF22-1 -> -0.8486865 | BI22: 20231 | BK22: =BJ22/BI22-1 -> -1 | BL22: =BI22+BF22 -> 436136 | BM22: =BJ22+BG22 -> 62932.04 | BN22: =BM22/BL22-1 -> -0.85570547 | BO22: 24237 | BP22: 103577 | BQ22: 563950 | BR22: =BM22/10000/I22 -> #DIV/0!
A23: 杭州 | B23: 杭州 | C23: （新）滨江第六空间专卖店 | D23: 直营 | E23: 直营 | F23: 杭州市区 | G23: 滨江区 | H23: 专卖店 | I23: 280 | J23: 155330 | K23: 156262 | L23: =K23/J23-1 -> 0.0060001288 | M23: 84728 | N23: 143497 | O23: =N23/M23-1 -> 0.69361958 | P23: =J23+M23 -> 240058 | Q23: =K23+N23 -> 299759 | R23: =Q23/P23-1 -> 0.24869407 | S23: 296842 | T23: 199854.6 | U23: =T23/S23-1 -> -0.32673072 | V23: =S23+P23 -> 536900 | W23: =T23+Q23 -> 499613.6 | X23: =W23/V23-1 -> -0.069447569 | Y23: 180500 | Z23: 131199.7 | AA23: =Z23/Y23-1 -> -0.27313186 | AB23: =Y23+V23 -> 717400 | AC23: =Z23+W23 -> 630813.3 | AD23: =AC23/AB23-1 -> -0.12069515 | AE23: 190972 | AF23: 160705 | AG23: =AF23/AE23-1 -> -0.1584892 | AH23: =AE23+AB23 -> 908372 | AI23: =AF23+AC23 -> 791518.3 | AJ23: =AI23/AH23-1 -> -0.1286408 | AK23: 207825 | AL23: 164883 | AM23: =AL23/AK23-1 -> -0.20662577 | AN23: =AK23+AH23 -> 1116197 | AO23: =AL23+AI23 -> 956401.3 | AP23: =AO23/AN23-1 -> -0.14316084 | AQ23: 114990 | AR23: 50432 | AS23: =AR23/AQ23-1 -> -0.56142273 | AT23: =AQ23+AN23 -> 1231187 | AU23: =AR23+AO23 -> 1006833.3 | AV23: =AU23/AT23-1 -> -0.18222553 | AW23: 62417 | AX23: 52672 | AY23: =AX23/AW23-1 -> -0.15612734 | AZ23: =AW23+AT23 -> 1293604 | BA23: =AX23+AU23 -> 1059505.3 | BB23: =BA23/AZ23-1 -> -0.18096628 | BC23: 213083 | BD23: 98642 | BE23: =BD23/BC23-1 -> -0.53707241 | BF23: =BC23+AZ23 -> 1506687 | BG23: =BD23+BA23 -> 1158147.3 | BH23: =BG23/BF23-1 -> -0.23132854 | BI23: 304051.4 | BJ23: 85329 | BK23: =BJ23/BI23-1 -> -0.71935995 | BL23: =BI23+BF23 -> 1810738.4 | BM23: =BJ23+BG23 -> 1243476.3 | BN23: =BM23/BL23-1 -> -0.31327667 | BO23: 330136 | BP23: 394635 | BQ23: 2535509.4 | BR23: =BM23/10000/I23 -> 0.44409868
A24: 杭州 | B24: 杭州 | C24: 杭州日新人工环境工程有限公司 | D24: 暖通 | E24: 暖通 | F24: 杭州市区 | G24: 西湖风景名胜区 | H24: 陈雪君 | L24: =K24/J24-1 -> #DIV/0! | O24: =N24/M24-1 -> #DIV/0! | P24: =J24+M24 -> 0 | Q24: =K24+N24 -> 0 | R24: =Q24/P24-1 -> #DIV/0! | S24: 790 | U24: =T24/S24-1 -> -1 | V24: =S24+P24 -> 790 | W24: =T24+Q24 -> 0 | X24: =W24/V24-1 -> -1 | AA24: =Z24/Y24-1 -> #DIV/0! | AB24: =Y24+V24 -> 790 | AC24: =Z24+W24 -> 0 | AD24: =AC24/AB24-1 -> -1 | AG24: =AF24/AE24-1 -> #DIV/0! | AH24: =AE24+AB24 -> 790 | AI24: =AF24+AC24 -> 0 | AJ24: =AI24/AH24-1 -> -1 | AM24: =AL24/AK24-1 -> #DIV/0! | AN24: =AK24+AH24 -> 790 | AO24: =AL24+AI24 -> 0 | AP24: =AO24/AN24-1 -> -1 | AS24: =AR24/AQ24-1 -> #DIV/0! | AT24: =AQ24+AN24 -> 790 | AU24: =AR24+AO24 -> 0 | AV24: =AU24/AT24-1 -> -1 | AY24: =AX24/AW24-1 -> #DIV/0! | AZ24: =AW24+AT24 -> 790 | BA24: =AX24+AU24 -> 0 | BB24: =BA24/AZ24-1 -> -1 | BE24: =BD24/BC24-1 -> #DIV/0! | BF24: =BC24+AZ24 -> 790 | BG24: =BD24+BA24 -> 0 | BH24: =BG24/BF24-1 -> -1 | BK24: =BJ24/BI24-1 -> #DIV/0! | BL24: =BI24+BF24 -> 790 | BM24: =BJ24+BG24 -> 0 | BN24: =BM24/BL24-1 -> -1 | BQ24: 790 | BR24: =BM24/10000/I24 -> #DIV/0!
A25: 杭州 | B25: 杭州 | C25: 杭州汇意商贸有限公司 | D25: 暖通 | E25: 暖通 | F25: 杭州市区 | G25: 拱墅区 | H25: 陈雪君 | L25: =K25/J25-1 -> #DIV/0! | O25: =N25/M25-1 -> #DIV/0! | P25: =J25+M25 -> 0 | Q25: =K25+N25 -> 0 | R25: =Q25/P25-1 -> #DIV/0! | U25: =T25/S25-1 -> #DIV/0! | V25: =S25+P25 -> 0 | W25: =T25+Q25 -> 0 | X25: =W25/V25-1 -> #DIV/0! | AA25: =Z25/Y25-1 -> #DIV/0! | AB25: =Y25+V25 -> 0 | AC25: =Z25+W25 -> 0 | AD25: =AC25/AB25-1 -> #DIV/0! | AG25: =AF25/AE25-1 -> #DIV/0! | AH25: =AE25+AB25 -> 0 | AI25: =AF25+AC25 -> 0 | AJ25: =AI25/AH25-1 -> #DIV/0! | AM25: =AL25/AK25-1 -> #DIV/0! | AN25: =AK25+AH25 -> 0 | AO25: =AL25+AI25 -> 0 | AP25: =AO25/AN25-1 -> #DIV/0! | AS25: =AR25/AQ25-1 -> #DIV/0! | AT25: =AQ25+AN25 -> 0 | AU25: =AR25+AO25 -> 0 | AV25: =AU25/AT25-1 -> #DIV/0! | AY25: =AX25/AW25-1 -> #DIV/0! | AZ25: =AW25+AT25 -> 0 | BA25: =AX25+AU25 -> 0 | BB25: =BA25/AZ25-1 -> #DIV/0! | BE25: =BD25/BC25-1 -> #DIV/0! | BF25: =BC25+AZ25 -> 0 | BG25: =BD25+BA25 -> 0 | BH25: =BG25/BF25-1 -> #DIV/0! | BI25: 12039 | BK25: =BJ25/BI25-1 -> -1 | BL25: =BI25+BF25 -> 12039 | BM25: =BJ25+BG25 -> 0 | BN25: =BM25/BL25-1 -> -1 | BQ25: 12039 | BR25: =BM25/10000/I25 -> #DIV/0!
A26: 杭州 | B26: 杭州 | C26: 浙江初韵供应链管理有限公司 | D26: 经销 | E26: 经销 | F26: 杭州市区 | G26: 上城区 | H26: 董培培 | I26: 24 | J26: 20000 | K26: 10000 | L26: =K26/J26-1 -> -0.5 | O26: =N26/M26-1 -> #DIV/0! | P26: =J26+M26 -> 20000 | Q26: =K26+N26 -> 10000 | R26: =Q26/P26-1 -> -0.5 | S26: 40000 | T26: 24752.5 | U26: =T26/S26-1 -> -0.3811875 | V26: =S26+P26 -> 60000 | W26: =T26+Q26 -> 34752.5 | X26: =W26/V26-1 -> -0.42079167 | Y26: 30000 | AA26: =Z26/Y26-1 -> -1 | AB26: =Y26+V26 -> 90000 | AC26: =Z26+W26 -> 34752.5 | AD26: =AC26/AB26-1 -> -0.61386111 | AE26: 40100 | AG26: =AF26/AE26-1 -> -1 | AH26: =AE26+AB26 -> 130100 | AI26: =AF26+AC26 -> 34752.5 | AJ26: =AI26/AH26-1 -> -0.73287855 | AM26: =AL26/AK26-1 -> #DIV/0! | AN26: =AK26+AH26 -> 130100 | AO26: =AL26+AI26 -> 34752.5 | AP26: =AO26/AN26-1 -> -0.73287855 | AQ26: 20000 | AS26: =AR26/AQ26-1 -> -1 | AT26: =AQ26+AN26 -> 150100 | AU26: =AR26+AO26 -> 34752.5 | AV26: =AU26/AT26-1 -> -0.76847102 | AW26: 20000 | AY26: =AX26/AW26-1 -> -1 | AZ26: =AW26+AT26 -> 170100 | BA26: =AX26+AU26 -> 34752.5 | BB26: =BA26/AZ26-1 -> -0.79569371 | BD26: 20000 | BE26: =BD26/BC26-1 -> #DIV/0! | BF26: =BC26+AZ26 -> 170100 | BG26: =BD26+BA26 -> 54752.5 | BH26: =BG26/BF26-1 -> -0.67811581 | BI26: 11428 | BK26: =BJ26/BI26-1 -> -1 | BL26: =BI26+BF26 -> 181528 | BM26: =BJ26+BG26 -> 54752.5 | BN26: =BM26/BL26-1 -> -0.69837986 | BO26: 20000 | BP26: 20000 | BQ26: 221528 | BR26: =BM26/10000/I26 -> 0.22813542
A27: 杭州 | B27: 杭州 | C27: 杭州红星美凯龙一号店 | D27: 直营 | E27: 直营 | F27: 杭州市区 | G27: 西湖风景名胜区 | H27: 专卖店 | I27: 400 | J27: 304654 | K27: 248878.5 | L27: =K27/J27-1 -> -0.18307818 | M27: 67549 | N27: 359062 | O27: =N27/M27-1 -> 4.3155783 | P27: =J27+M27 -> 372203 | Q27: =K27+N27 -> 607940.5 | R27: =Q27/P27-1 -> 0.63335733 | S27: 191851 | T27: 586860 | U27: =T27/S27-1 -> 2.0589364 | V27: =S27+P27 -> 564054 | W27: =T27+Q27 -> 1194800.5 | X27: =W27/V27-1 -> 1.1182378 | Y27: 73138 | Z27: 381502 | AA27: =Z27/Y27-1 -> 4.216194 | AB27: =Y27+V27 -> 637192 | AC27: =Z27+W27 -> 1576302.5 | AD27: =AC27/AB27-1 -> 1.4738266 | AE27: 208668 | AF27: 418566 | AG27: =AF27/AE27-1 -> 1.0058945 | AH27: =AE27+AB27 -> 845860 | AI27: =AF27+AC27 -> 1994868.5 | AJ27: =AI27/AH27-1 -> 1.3583909 | AK27: 296204 | AL27: 579201 | AM27: =AL27/AK27-1 -> 0.95541249 | AN27: =AK27+AH27 -> 1142064 | AO27: =AL27+AI27 -> 2574069.5 | AP27: =AO27/AN27-1 -> 1.253875 | AQ27: 217892 | AR27: 250281 | AS27: =AR27/AQ27-1 -> 0.14864704 | AT27: =AQ27+AN27 -> 1359956 | AU27: =AR27+AO27 -> 2824350.5 | AV27: =AU27/AT27-1 -> 1.0767955 | AW27: 307848 | AX27: 403353 | AY27: =AX27/AW27-1 -> 0.31023427 | AZ27: =AW27+AT27 -> 1667804 | BA27: =AX27+AU27 -> 3227703.5 | BB27: =BA27/AZ27-1 -> 0.93530145 | BC27: 427373 | BD27: 322595 | BE27: =BD27/BC27-1 -> -0.24516757 | BF27: =BC27+AZ27 -> 2095177 | BG27: =BD27+BA27 -> 3550298.5 | BH27: =BG27/BF27-1 -> 0.69451006 | BI27: 677990.8 | BJ27: 300290.75 | BK27: =BJ27/BI27-1 -> -0.55708728 | BL27: =BI27+BF27 -> 2773167.8 | BM27: =BJ27+BG27 -> 3850589.2 | BN27: =BM27/BL27-1 -> 0.3885165 | BO27: 260034.45 | BP27: 408726.6 | BQ27: 3441928.9 | BR27: =BM27/10000/I27 -> 0.96264731
A28: 杭州 | B28: 杭州 | C28: 杭州德业电器有限公司 | D28: 经销 | E28: 经销 | F28: 杭州市区 | G28: 上城区 | H28: 吴海林 | I28: 0 | J28: 4124 | L28: =K28/J28-1 -> -1 | O28: =N28/M28-1 -> #DIV/0! | P28: =J28+M28 -> 4124 | Q28: =K28+N28 -> 0 | R28: =Q28/P28-1 -> -1 | S28: 4124 | U28: =T28/S28-1 -> -1 | V28: =S28+P28 -> 8248 | W28: =T28+Q28 -> 0 | X28: =W28/V28-1 -> -1 | AA28: =Z28/Y28-1 -> #DIV/0! | AB28: =Y28+V28 -> 8248 | AC28: =Z28+W28 -> 0 | AD28: =AC28/AB28-1 -> -1 | AG28: =AF28/AE28-1 -> #DIV/0! | AH28: =AE28+AB28 -> 8248 | AI28: =AF28+AC28 -> 0 | AJ28: =AI28/AH28-1 -> -1 | AM28: =AL28/AK28-1 -> #DIV/0! | AN28: =AK28+AH28 -> 8248 | AO28: =AL28+AI28 -> 0 | AP28: =AO28/AN28-1 -> -1 | AS28: =AR28/AQ28-1 -> #DIV/0! | AT28: =AQ28+AN28 -> 8248 | AU28: =AR28+AO28 -> 0 | AV28: =AU28/AT28-1 -> -1 | AY28: =AX28/AW28-1 -> #DIV/0! | AZ28: =AW28+AT28 -> 8248 | BA28: =AX28+AU28 -> 0 | BB28: =BA28/AZ28-1 -> -1 | BE28: =BD28/BC28-1 -> #DIV/0! | BF28: =BC28+AZ28 -> 8248 | BG28: =BD28+BA28 -> 0 | BH28: =BG28/BF28-1 -> -1 | BK28: =BJ28/BI28-1 -> #DIV/0! | BL28: =BI28+BF28 -> 8248 | BM28: =BJ28+BG28 -> 0 | BN28: =BM28/BL28-1 -> -1 | BQ28: 8248 | BR28: =BM28/10000/I28 -> #DIV/0!
A29: 杭州 | B29: 杭州 | C29: 杭州市余杭区临平街道泽晨材料商行 | D29: 经销 | E29: 经销 | F29: 临平区 | G29: 临平区 | H29: 吴海林 | J29: 10000 | L29: =K29/J29-1 -> -1 | O29: =N29/M29-1 -> #DIV/0! | P29: =J29+M29 -> 10000 | Q29: =K29+N29 -> 0 | R29: =Q29/P29-1 -> -1 | U29: =T29/S29-1 -> #DIV/0! | V29: =S29+P29 -> 10000 | W29: =T29+Q29 -> 0 | X29: =W29/V29-1 -> -1 | AA29: =Z29/Y29-1 -> #DIV/0! | AB29: =Y29+V29 -> 10000 | AC29: =Z29+W29 -> 0 | AD29: =AC29/AB29-1 -> -1 | AG29: =AF29/AE29-1 -> #DIV/0! | AH29: =AE29+AB29 -> 10000 | AI29: =AF29+AC29 -> 0 | AJ29: =AI29/AH29-1 -> -1 | AM29: =AL29/AK29-1 -> #DIV/0! | AN29: =AK29+AH29 -> 10000 | AO29: =AL29+AI29 -> 0 | AP29: =AO29/AN29-1 -> -1 | AS29: =AR29/AQ29-1 -> #DIV/0! | AT29: =AQ29+AN29 -> 10000 | AU29: =AR29+AO29 -> 0 | AV29: =AU29/AT29-1 -> -1 | AW29: 491 | AY29: =AX29/AW29-1 -> -1 | AZ29: =AW29+AT29 -> 10491 | BA29: =AX29+AU29 -> 0 | BB29: =BA29/AZ29-1 -> -1 | BE29: =BD29/BC29-1 -> #DIV/0! | BF29: =BC29+AZ29 -> 10491 | BG29: =BD29+BA29 -> 0 | BH29: =BG29/BF29-1 -> -1 | BK29: =BJ29/BI29-1 -> #DIV/0! | BL29: =BI29+BF29 -> 10491 | BM29: =BJ29+BG29 -> 0 | BN29: =BM29/BL29-1 -> -1 | BQ29: 10491 | BR29: =BM29/10000/I29 -> #DIV/0!
A30: 杭州 | B30: 杭州 | C30: 浙江顶戴环境设备有限公司 | D30: 暖通 | E30: 暖通 | F30: 杭州市区 | G30: 钱塘区 | H30: 陈雪君 | J30: 2591 | L30: =K30/J30-1 -> -1 | O30: =N30/M30-1 -> #DIV/0! | P30: =J30+M30 -> 2591 | Q30: =K30+N30 -> 0 | R30: =Q30/P30-1 -> -1 | U30: =T30/S30-1 -> #DIV/0! | V30: =S30+P30 -> 2591 | W30: =T30+Q30 -> 0 | X30: =W30/V30-1 -> -1 | AA30: =Z30/Y30-1 -> #DIV/0! | AB30: =Y30+V30 -> 2591 | AC30: =Z30+W30 -> 0 | AD30: =AC30/AB30-1 -> -1 | AG30: =AF30/AE30-1 -> #DIV/0! | AH30: =AE30+AB30 -> 2591 | AI30: =AF30+AC30 -> 0 | AJ30: =AI30/AH30-1 -> -1 | AM30: =AL30/AK30-1 -> #DIV/0! | AN30: =AK30+AH30 -> 2591 | AO30: =AL30+AI30 -> 0 | AP30: =AO30/AN30-1 -> -1 | AS30: =AR30/AQ30-1 -> #DIV/0! | AT30: =AQ30+AN30 -> 2591 | AU30: =AR30+AO30 -> 0 | AV30: =AU30/AT30-1 -> -1 | AY30: =AX30/AW30-1 -> #DIV/0! | AZ30: =AW30+AT30 -> 2591 | BA30: =AX30+AU30 -> 0 | BB30: =BA30/AZ30-1 -> -1 | BE30: =BD30/BC30-1 -> #DIV/0! | BF30: =BC30+AZ30 -> 2591 | BG30: =BD30+BA30 -> 0 | BH30: =BG30/BF30-1 -> -1 | BK30: =BJ30/BI30-1 -> #DIV/0! | BL30: =BI30+BF30 -> 2591 | BM30: =BJ30+BG30 -> 0 | BN30: =BM30/BL30-1 -> -1 | BQ30: 2591 | BR30: =BM30/10000/I30 -> #DIV/0!
A31: 杭州 | B31: 杭州 | C31: 浙江元天电子商务有限公司 | D31: 经销 | E31: 经销 | F31: 杭州市区 | G31: 滨江区 | H31: 黄颖 | I31: 30 | J31: 20582 | K31: 14679 | L31: =K31/J31-1 -> -0.286804 | M31: 3939 | O31: =N31/M31-1 -> -1 | P31: =J31+M31 -> 24521 | Q31: =K31+N31 -> 14679 | R31: =Q31/P31-1 -> -0.40137025 | T31: 3148 | U31: =T31/S31-1 -> #DIV/0! | V31: =S31+P31 -> 24521 | W31: =T31+Q31 -> 17827 | X31: =W31/V31-1 -> -0.2729905 | Y31: 23069 | Z31: 13909 | AA31: =Z31/Y31-1 -> -0.39706966 | AB31: =Y31+V31 -> 47590 | AC31: =Z31+W31 -> 31736 | AD31: =AC31/AB31-1 -> -0.33313721 | AE31: 27908 | AF31: 8765 | AG31: =AF31/AE31-1 -> -0.68593235 | AH31: =AE31+AB31 -> 75498 | AI31: =AF31+AC31 -> 40501 | AJ31: =AI31/AH31-1 -> -0.4635487 | AK31: 25192 | AL31: 9307 | AM31: =AL31/AK31-1 -> -0.63055732 | AN31: =AK31+AH31 -> 100690 | AO31: =AL31+AI31 -> 49808 | AP31: =AO31/AN31-1 -> -0.5053332 | AR31: 11183 | AS31: =AR31/AQ31-1 -> #DIV/0! | AT31: =AQ31+AN31 -> 100690 | AU31: =AR31+AO31 -> 60991 | AV31: =AU31/AT31-1 -> -0.39426954 | AW31: 16800 | AX31: 6109 | AY31: =AX31/AW31-1 -> -0.63636905 | AZ31: =AW31+AT31 -> 117490 | BA31: =AX31+AU31 -> 67100 | BB31: =BA31/AZ31-1 -> -0.42888756 | BC31: 24480 | BE31: =BD31/BC31-1 -> -1 | BF31: =BC31+AZ31 -> 141970 | BG31: =BD31+BA31 -> 67100 | BH31: =BG31/BF31-1 -> -0.52736494 | BK31: =BJ31/BI31-1 -> #DIV/0! | BL31: =BI31+BF31 -> 141970 | BM31: =BJ31+BG31 -> 67100 | BN31: =BM31/BL31-1 -> -0.52736494 | BO31: 18985 | BQ31: 160955 | BR31: =BM31/10000/I31 -> 0.22366667
A32: 杭州 | B32: 杭州 | C32: 杭州澎湃电器有限公司 | D32: 家装 | E32: 家装 | F32: 杭州市区 | G32: 上城区 | H32: 黄颖 | J32: 7088 | L32: =K32/J32-1 -> -1 | O32: =N32/M32-1 -> #DIV/0! | P32: =J32+M32 -> 7088 | Q32: =K32+N32 -> 0 | R32: =Q32/P32-1 -> -1 | U32: =T32/S32-1 -> #DIV/0! | V32: =S32+P32 -> 7088 | W32: =T32+Q32 -> 0 | X32: =W32/V32-1 -> -1 | AA32: =Z32/Y32-1 -> #DIV/0! | AB32: =Y32+V32 -> 7088 | AC32: =Z32+W32 -> 0 | AD32: =AC32/AB32-1 -> -1 | AG32: =AF32/AE32-1 -> #DIV/0! | AH32: =AE32+AB32 -> 7088 | AI32: =AF32+AC32 -> 0 | AJ32: =AI32/AH32-1 -> -1 | AM32: =AL32/AK32-1 -> #DIV/0! | AN32: =AK32+AH32 -> 7088 | AO32: =AL32+AI32 -> 0 | AP32: =AO32/AN32-1 -> -1 | AS32: =AR32/AQ32-1 -> #DIV/0! | AT32: =AQ32+AN32 -> 7088 | AU32: =AR32+AO32 -> 0 | AV32: =AU32/AT32-1 -> -1 | AY32: =AX32/AW32-1 -> #DIV/0! | AZ32: =AW32+AT32 -> 7088 | BA32: =AX32+AU32 -> 0 | BB32: =BA32/AZ32-1 -> -1 | BE32: =BD32/BC32-1 -> #DIV/0! | BF32: =BC32+AZ32 -> 7088 | BG32: =BD32+BA32 -> 0 | BH32: =BG32/BF32-1 -> -1 | BK32: =BJ32/BI32-1 -> #DIV/0! | BL32: =BI32+BF32 -> 7088 | BM32: =BJ32+BG32 -> 0 | BN32: =BM32/BL32-1 -> -1 | BQ32: 7088 | BR32: =BM32/10000/I32 -> #DIV/0!
A33: 杭州 | B33: 杭州 | C33: 杭州中博智能电器有限公司 | D33: 家装 | E33: 家装 | F33: 杭州市区 | G33: 上城区 | H33: 黄颖 | I33: 200 | J33: 91657.28 | K33: 218873.82 | L33: =K33/J33-1 -> 1.3879589 | N33: 131893.4 | O33: =N33/M33-1 -> #DIV/0! | P33: =J33+M33 -> 91657.28 | Q33: =K33+N33 -> 350767.22 | R33: =Q33/P33-1 -> 2.8269434 | S33: 98407.6 | T33: 143496.71 | U33: =T33/S33-1 -> 0.45818727 | V33: =S33+P33 -> 190064.88 | W33: =T33+Q33 -> 494263.93 | X33: =W33/V33-1 -> 1.6005011 | Y33: 88389.8 | Z33: 34200.39 | AA33: =Z33/Y33-1 -> -0.61307311 | AB33: =Y33+V33 -> 278454.68 | AC33: =Z33+W33 -> 528464.32 | AD33: =AC33/AB33-1 -> 0.89784679 | AE33: 181882.45 | AF33: 134290.18 | AG33: =AF33/AE33-1 -> -0.26166499 | AH33: =AE33+AB33 -> 460337.13 | AI33: =AF33+AC33 -> 662754.5 | AJ33: =AI33/AH33-1 -> 0.4397155 | AK33: 187566.88 | AL33: 128859.37 | AM33: =AL33/AK33-1 -> -0.31299508 | AN33: =AK33+AH33 -> 647904.01 | AO33: =AL33+AI33 -> 791613.87 | AP33: =AO33/AN33-1 -> 0.22180733 | AQ33: 130044.44 | AR33: 273758.72 | AS33: =AR33/AQ33-1 -> 1.1051167 | AT33: =AQ33+AN33 -> 777948.45 | AU33: =AR33+AO33 -> 1065372.6 | AV33: =AU33/AT33-1 -> 0.36946425 | AW33: 128967.95 | AX33: 121546.09 | AY33: =AX33/AW33-1 -> -0.057548096 | AZ33: =AW33+AT33 -> 906916.4 | BA33: =AX33+AU33 -> 1186918.7 | BB33: =BA33/AZ33-1 -> 0.308741 | BC33: 101883.54 | BD33: 139207.99 | BE33: =BD33/BC33-1 -> 0.36634426 | BF33: =BC33+AZ33 -> 1008799.9 | BG33: =BD33+BA33 -> 1326126.7 | BH33: =BG33/BF33-1 -> 0.31455863 | BI33: 164644.69 | BJ33: 113351.28 | BK33: =BJ33/BI33-1 -> -0.31154002 | BL33: =BI33+BF33 -> 1173444.6 | BM33: =BJ33+BG33 -> 1439477.9 | BN33: =BM33/BL33-1 -> 0.22671144 | BO33: 214221.12 | BP33: 171825.22 | BQ33: 1559491 | BR33: =BM33/10000/I33 -> 0.71973897
A34: 杭州 | B34: 杭州 | C34: 浙江都都装饰有限公司 | D34: 家装 | E34: 家装 | F34: 杭州市区 | G34: 拱墅区 | H34: 黄颖 | I34: 60 | J34: 16779 | K34: 37387 | L34: =K34/J34-1 -> 1.2282019 | O34: =N34/M34-1 -> #DIV/0! | P34: =J34+M34 -> 16779 | Q34: =K34+N34 -> 37387 | R34: =Q34/P34-1 -> 1.2282019 | S34: 7332 | U34: =T34/S34-1 -> -1 | V34: =S34+P34 -> 24111 | W34: =T34+Q34 -> 37387 | X34: =W34/V34-1 -> 0.55062005 | Y34: 49926 | Z34: 71744 | AA34: =Z34/Y34-1 -> 0.43700677 | AB34: =Y34+V34 -> 74037 | AC34: =Z34+W34 -> 109131 | AD34: =AC34/AB34-1 -> 0.47400624 | AE34: 57887 | AF34: =85422-575 -> 84847 | AG34: =AF34/AE34-1 -> 0.46573497 | AH34: =AE34+AB34 -> 131924 | AI34: =AF34+AC34 -> 193978 | AJ34: =AI34/AH34-1 -> 0.47037688 | AK34: 40556 | AL34: =20243+141304 -> 161547 | AM34: =AL34/AK34-1 -> 2.983307 | AN34: =AK34+AH34 -> 172480 | AO34: =AL34+AI34 -> 355525 | AP34: =AO34/AN34-1 -> 1.0612535 | AQ34: 50598 | AR34: 25131 | AS34: =AR34/AQ34-1 -> -0.50332029 | AT34: =AQ34+AN34 -> 223078 | AU34: =AR34+AO34 -> 380656 | AV34: =AU34/AT34-1 -> 0.70638073 | AW34: 56103 | AX34: 17220 | AY34: =AX34/AW34-1 -> -0.69306454 | AZ34: =AW34+AT34 -> 279181 | BA34: =AX34+AU34 -> 397876 | BB34: =BA34/AZ34-1 -> 0.42515429 | BC34: 42232 | BD34: =40340+24037 -> 64377 | BE34: =BD34/BC34-1 -> 0.52436541 | BF34: =BC34+AZ34 -> 321413 | BG34: =BD34+BA34 -> 462253 | BH34: =BG34/BF34-1 -> 0.43819012 | BI34: 50318 | BJ34: 46864 | BK34: =BJ34/BI34-1 -> -0.068643428 | BL34: =BI34+BF34 -> 371731 | BM34: =BJ34+BG34 -> 509117 | BN34: =BM34/BL34-1 -> 0.36958446 | BO34: 21001 | BQ34: 392732 | BR34: =BM34/10000/I34 -> 0.84852833
A35: 杭州 | B35: 杭州 | C35: 桐庐县城南街道正亿家电经营部 | D35: 经销 | E35: 经销 | F35: 桐庐县 | G35: 桐庐县 | H35: 吴海林 | I35: 0 | L35: =K35/J35-1 -> #DIV/0! | O35: =N35/M35-1 -> #DIV/0! | P35: =J35+M35 -> 0 | Q35: =K35+N35 -> 0 | R35: =Q35/P35-1 -> #DIV/0! | S35: 26405 | U35: =T35/S35-1 -> -1 | V35: =S35+P35 -> 26405 | W35: =T35+Q35 -> 0 | X35: =W35/V35-1 -> -1 | AA35: =Z35/Y35-1 -> #DIV/0! | AB35: =Y35+V35 -> 26405 | AC35: =Z35+W35 -> 0 | AD35: =AC35/AB35-1 -> -1 | AG35: =AF35/AE35-1 -> #DIV/0! | AH35: =AE35+AB35 -> 26405 | AI35: =AF35+AC35 -> 0 | AJ35: =AI35/AH35-1 -> -1 | AM35: =AL35/AK35-1 -> #DIV/0! | AN35: =AK35+AH35 -> 26405 | AO35: =AL35+AI35 -> 0 | AP35: =AO35/AN35-1 -> -1 | AS35: =AR35/AQ35-1 -> #DIV/0! | AT35: =AQ35+AN35 -> 26405 | AU35: =AR35+AO35 -> 0 | AV35: =AU35/AT35-1 -> -1 | AY35: =AX35/AW35-1 -> #DIV/0! | AZ35: =AW35+AT35 -> 26405 | BA35: =AX35+AU35 -> 0 | BB35: =BA35/AZ35-1 -> -1 | BE35: =BD35/BC35-1 -> #DIV/0! | BF35: =BC35+AZ35 -> 26405 | BG35: =BD35+BA35 -> 0 | BH35: =BG35/BF35-1 -> -1 | BK35: =BJ35/BI35-1 -> #DIV/0! | BL35: =BI35+BF35 -> 26405 | BM35: =BJ35+BG35 -> 0 | BN35: =BM35/BL35-1 -> -1 | BQ35: 26405 | BR35: =BM35/10000/I35 -> #DIV/0!
A36: 杭州 | B36: 杭州 | C36: 杭州中瑞工程技术有限公司 | D36: 经销 | E36: 经销 | F36: 杭州市区 | G36: 市区 | H36: 陈雪君 | J36: 50000 | L36: =K36/J36-1 -> -1 | M36: 39000 | N36: 20000 | O36: =N36/M36-1 -> -0.48717949 | P36: =J36+M36 -> 89000 | Q36: =K36+N36 -> 20000 | R36: =Q36/P36-1 -> -0.7752809 | S36: 35000 | U36: =T36/S36-1 -> -1 | V36: =S36+P36 -> 124000 | W36: =T36+Q36 -> 20000 | X36: =W36/V36-1 -> -0.83870968 | Y36: 190000 | AA36: =Z36/Y36-1 -> -1 | AB36: =Y36+V36 -> 314000 | AC36: =Z36+W36 -> 20000 | AD36: =AC36/AB36-1 -> -0.93630573 | AE36: 50000 | AG36: =AF36/AE36-1 -> -1 | AH36: =AE36+AB36 -> 364000 | AI36: =AF36+AC36 -> 20000 | AJ36: =AI36/AH36-1 -> -0.94505495 | AK36: 139500 | AL36: 10000 | AM36: =AL36/AK36-1 -> -0.92831541 | AN36: =AK36+AH36 -> 503500 | AO36: =AL36+AI36 -> 30000 | AP36: =AO36/AN36-1 -> -0.94041708 | AQ36: 52000 | AS36: =AR36/AQ36-1 -> -1 | AT36: =AQ36+AN36 -> 555500 | AU36: =AR36+AO36 -> 30000 | AV36: =AU36/AT36-1 -> -0.9459946 | AY36: =AX36/AW36-1 -> #DIV/0! | AZ36: =AW36+AT36 -> 555500 | BA36: =AX36+AU36 -> 30000 | BB36: =BA36/AZ36-1 -> -0.9459946 | BC36: 30000 | BD36: 32000 | BE36: =BD36/BC36-1 -> 0.066666667 | BF36: =BC36+AZ36 -> 585500 | BG36: =BD36+BA36 -> 62000 | BH36: =BG36/BF36-1 -> -0.8941076 | BI36: 27000 | BK36: =BJ36/BI36-1 -> -1 | BL36: =BI36+BF36 -> 612500 | BM36: =BJ36+BG36 -> 62000 | BN36: =BM36/BL36-1 -> -0.89877551 | BP36: 28000 | BQ36: 554479 | BR36: =BM36/10000/I36 -> #DIV/0!
A37: 杭州 | B37: 杭州 | C37: 苏宁易购集团股份有限公司苏宁采购中心 | D37: 经销 | E37: 经销 | F37: 杭州市区 | G37: 市区 | H37: 陈雪君 | K37: 5208.12 | L37: =K37/J37-1 -> #DIV/0! | N37: 713 | O37: =N37/M37-1 -> #DIV/0! | P37: =J37+M37 -> 0 | Q37: =K37+N37 -> 5921.12 | R37: =Q37/P37-1 -> #DIV/0! | U37: =T37/S37-1 -> #DIV/0! | V37: =S37+P37 -> 0 | W37: =T37+Q37 -> 5921.12 | X37: =W37/V37-1 -> #DIV/0! | AA37: =Z37/Y37-1 -> #DIV/0! | AB37: =Y37+V37 -> 0 | AC37: =Z37+W37 -> 5921.12 | AD37: =AC37/AB37-1 -> #DIV/0! | AG37: =AF37/AE37-1 -> #DIV/0! | AH37: =AE37+AB37 -> 0 | AI37: =AF37+AC37 -> 5921.12 | AJ37: =AI37/AH37-1 -> #DIV/0! | AM37: =AL37/AK37-1 -> #DIV/0! | AN37: =AK37+AH37 -> 0 | AO37: =AL37+AI37 -> 5921.12 | AP37: =AO37/AN37-1 -> #DIV/0! | AQ37: 1971.76 | AS37: =AR37/AQ37-1 -> -1 | AT37: =AQ37+AN37 -> 1971.76 | AU37: =AR37+AO37 -> 5921.12 | AV37: =AU37/AT37-1 -> 2.0029618 | AW37: 3472.08 | AY37: =AX37/AW37-1 -> -1 | AZ37: =AW37+AT37 -> 5443.84 | BA37: =AX37+AU37 -> 5921.12 | BB37: =BA37/AZ37-1 -> 0.087673407 | BC37: 885.4 | BE37: =BD37/BC37-1 -> -1 | BF37: =BC37+AZ37 -> 6329.24 | BG37: =BD37+BA37 -> 5921.12 | BH37: =BG37/BF37-1 -> -0.064481676 | BI37: 3797.04 | BK37: =BJ37/BI37-1 -> -1 | BL37: =BI37+BF37 -> 10126.28 | BM37: =BJ37+BG37 -> 5921.12 | BN37: =BM37/BL37-1 -> -0.41527195 | BO37: 2514.36 | BP37: 0 | BQ37: 12640.64 | BR37: =BM37/10000/I37 -> #DIV/0!
A38: 杭州 | B38: 杭州 | C38: 杭州华东家电市场铁人电器商行 | D38: 经销 | E38: 经销 | F38: 杭州市区 | G38: 市区 | H38: 李燕霞 | I38: 10 | L38: =K38/J38-1 -> #DIV/0! | O38: =N38/M38-1 -> #DIV/0! | P38: =J38+M38 -> 0 | Q38: =K38+N38 -> 0 | R38: =Q38/P38-1 -> #DIV/0! | U38: =T38/S38-1 -> #DIV/0! | V38: =S38+P38 -> 0 | W38: =T38+Q38 -> 0 | X38: =W38/V38-1 -> #DIV/0! | AA38: =Z38/Y38-1 -> #DIV/0! | AB38: =Y38+V38 -> 0 | AC38: =Z38+W38 -> 0 | AD38: =AC38/AB38-1 -> #DIV/0! | AG38: =AF38/AE38-1 -> #DIV/0! | AH38: =AE38+AB38 -> 0 | AI38: =AF38+AC38 -> 0 | AJ38: =AI38/AH38-1 -> #DIV/0! | AM38: =AL38/AK38-1 -> #DIV/0! | AN38: =AK38+AH38 -> 0 | AO38: =AL38+AI38 -> 0 | AP38: =AO38/AN38-1 -> #DIV/0! | AR38: 6789 | AS38: =AR38/AQ38-1 -> #DIV/0! | AT38: =AQ38+AN38 -> 0 | AU38: =AR38+AO38 -> 6789 | AV38: =AU38/AT38-1 -> #DIV/0! | AW38: 18173 | AY38: =AX38/AW38-1 -> -1 | AZ38: =AW38+AT38 -> 18173 | BA38: =AX38+AU38 -> 6789 | BB38: =BA38/AZ38-1 -> -0.62642382 | BC38: 10416 | BE38: =BD38/BC38-1 -> -1 | BF38: =BC38+AZ38 -> 28589 | BG38: =BD38+BA38 -> 6789 | BH38: =BG38/BF38-1 -> -0.76253104 | BJ38: 1397.6 | BK38: =BJ38/BI38-1 -> #DIV/0! | BL38: =BI38+BF38 -> 28589 | BM38: =BJ38+BG38 -> 8186.6 | BN38: =BM38/BL38-1 -> -0.71364511 | BQ38: 28589 | BR38: =BM38/10000/I38 -> 0.081866
A39: 杭州 | B39: 杭州 | C39: 滨江六空8090店 | D39: 直营 | E39: 直营 | F39: 杭州市区 | G39: 滨江区 | H39: 专卖店 | I39: 370 | K39: 128272 | L39: =K39/J39-1 -> #DIV/0! | N39: =306557-6125 -> 300432 | O39: =N39/M39-1 -> #DIV/0! | P39: =J39+M39 -> 0 | Q39: =K39+N39 -> 428704 | R39: =Q39/P39-1 -> #DIV/0! | T39: 378127 | U39: =T39/S39-1 -> #DIV/0! | V39: =S39+P39 -> 0 | W39: =T39+Q39 -> 806831 | X39: =W39/V39-1 -> #DIV/0! | Z39: 418240 | AA39: =Z39/Y39-1 -> #DIV/0! | AB39: =Y39+V39 -> 0 | AC39: =Z39+W39 -> 1225071 | AD39: =AC39/AB39-1 -> #DIV/0! | AF39: 306225 | AG39: =AF39/AE39-1 -> #DIV/0! | AH39: =AE39+AB39 -> 0 | AI39: =AF39+AC39 -> 1531296 | AJ39: =AI39/AH39-1 -> #DIV/0! | AL39: 574778 | AM39: =AL39/AK39-1 -> #DIV/0! | AN39: =AK39+AH39 -> 0 | AO39: =AL39+AI39 -> 2106074 | AP39: =AO39/AN39-1 -> #DIV/0! | AR39: 166425 | AS39: =AR39/AQ39-1 -> #DIV/0! | AT39: =AQ39+AN39 -> 0 | AU39: =AR39+AO39 -> 2272499 | AV39: =AU39/AT39-1 -> #DIV/0! | AX39: =178386+17758+5061 -> 201205 | AY39: =AX39/AW39-1 -> #DIV/0! | AZ39: =AW39+AT39 -> 0 | BA39: =AX39+AU39 -> 2473704 | BB39: =BA39/AZ39-1 -> #DIV/0! | BC39: 16307 | BD39: 218669 | BE39: =BD39/BC39-1 -> 12.409517 | BF39: =BC39+AZ39 -> 16307 | BG39: =BD39+BA39 -> 2692373 | BH39: =BG39/BF39-1 -> 164.10535 | BI39: 397749 | BJ39: 266862 | BK39: =BJ39/BI39-1 -> -0.32906934 | BL39: =BI39+BF39 -> 414056 | BM39: =BJ39+BG39 -> 2959235 | BN39: =BM39/BL39-1 -> 6.1469439 | BO39: 198239 | BP39: 452484 | BQ39: 1064779 | BR39: =BM39/10000/I39 -> 0.79979324
A40: 杭州 | B40: 杭州 | C40: 萧山第六空间专卖店 | D40: 直营 | E40: 直营 | F40: 萧山区 | G40: 市区 | H40: 专卖店 | I40: 170 | K40: 840 | L40: =K40/J40-1 -> #DIV/0! | N40: 30008 | O40: =N40/M40-1 -> #DIV/0! | P40: =J40+M40 -> 0 | Q40: =K40+N40 -> 30848 | R40: =Q40/P40-1 -> #DIV/0! | T40: 250109.6 | U40: =T40/S40-1 -> #DIV/0! | V40: =S40+P40 -> 0 | W40: =T40+Q40 -> 280957.6 | X40: =W40/V40-1 -> #DIV/0! | Z40: 296574 | AA40: =Z40/Y40-1 -> #DIV/0! | AB40: =Y40+V40 -> 0 | AC40: =Z40+W40 -> 577531.6 | AD40: =AC40/AB40-1 -> #DIV/0! | AF40: 255533 | AG40: =AF40/AE40-1 -> #DIV/0! | AH40: =AE40+AB40 -> 0 | AI40: =AF40+AC40 -> 833064.6 | AJ40: =AI40/AH40-1 -> #DIV/0! | AL40: 386476 | AM40: =AL40/AK40-1 -> #DIV/0! | AN40: =AK40+AH40 -> 0 | AO40: =AL40+AI40 -> 1219540.6 | AP40: =AO40/AN40-1 -> #DIV/0! | AR40: 63776 | AS40: =AR40/AQ40-1 -> #DIV/0! | AT40: =AQ40+AN40 -> 0 | AU40: =AR40+AO40 -> 1283316.6 | AV40: =AU40/AT40-1 -> #DIV/0! | AX40: 105175 | AY40: =AX40/AW40-1 -> #DIV/0! | AZ40: =AW40+AT40 -> 0 | BA40: =AX40+AU40 -> 1388491.6 | BB40: =BA40/AZ40-1 -> #DIV/0! | BD40: 87258 | BE40: =BD40/BC40-1 -> #DIV/0! | BF40: =BC40+AZ40 -> 0 | BG40: =BD40+BA40 -> 1475749.6 | BH40: =BG40/BF40-1 -> #DIV/0! | BJ40: =123428+2745 -> 126173 | BK40: =BJ40/BI40-1 -> #DIV/0! | BL40: =BI40+BF40 -> 0 | BM40: =BJ40+BG40 -> 1601922.6 | BN40: =BM40/BL40-1 -> #DIV/0! | BO40: 898 | BP40: 11486 | BQ40: 12384 | BR40: =BM40/10000/I40 -> 0.94230741
A41: 杭州 | B41: 杭州 | C41: 政采云 | D41: 经销 | E41: 经销 | F41: 杭州市区 | H41: 陈雪君 | L41: =K41/J41-1 -> #DIV/0! | O41: =N41/M41-1 -> #DIV/0! | P41: =J41+M41 -> 0 | Q41: =K41+N41 -> 0 | R41: =Q41/P41-1 -> #DIV/0! | U41: =T41/S41-1 -> #DIV/0! | V41: =S41+P41 -> 0 | W41: =T41+Q41 -> 0 | X41: =W41/V41-1 -> #DIV/0! | AA41: =Z41/Y41-1 -> #DIV/0! | AB41: =Y41+V41 -> 0 | AC41: =Z41+W41 -> 0 | AD41: =AC41/AB41-1 -> #DIV/0! | AG41: =AF41/AE41-1 -> #DIV/0! | AH41: =AE41+AB41 -> 0 | AI41: =AF41+AC41 -> 0 | AJ41: =AI41/AH41-1 -> #DIV/0! | AM41: =AL41/AK41-1 -> #DIV/0! | AN41: =AK41+AH41 -> 0 | AO41: =AL41+AI41 -> 0 | AP41: =AO41/AN41-1 -> #DIV/0! | AS41: =AR41/AQ41-1 -> #DIV/0! | AT41: =AQ41+AN41 -> 0 | AU41: =AR41+AO41 -> 0 | AV41: =AU41/AT41-1 -> #DIV/0! | AY41: =AX41/AW41-1 -> #DIV/0! | AZ41: =AW41+AT41 -> 0 | BA41: =AX41+AU41 -> 0 | BB41: =BA41/AZ41-1 -> #DIV/0! | BE41: =BD41/BC41-1 -> #DIV/0! | BF41: =BC41+AZ41 -> 0 | BG41: =BD41+BA41 -> 0 | BH41: =BG41/BF41-1 -> #DIV/0! | BK41: =BJ41/BI41-1 -> #DIV/0! | BL41: =BI41+BF41 -> 0 | BM41: =BJ41+BG41 -> 0 | BN41: =BM41/BL41-1 -> #DIV/0! | BP41: 836 | BQ41: 836 | BR41: =BM41/10000/I41 -> #DIV/0!
A42: 杭州 | B42: 杭州 | C42: 杭州装家百科电器有限公司 | D42: 家装 | E42: 家装 | F42: 杭州市区 | G42: 西湖区 | H42: 黄颖 | I42: 80 | T42: 10661 | U42: =T42/S42-1 -> #DIV/0! | V42: =S42+P42 -> 0 | W42: =T42+Q42 -> 10661 | X42: =W42/V42-1 -> #DIV/0! | Z42: 15411 | AA42: =Z42/Y42-1 -> #DIV/0! | AB42: =Y42+V42 -> 0 | AC42: =Z42+W42 -> 26072 | AD42: =AC42/AB42-1 -> #DIV/0! | AF42: 3348 | AG42: =AF42/AE42-1 -> #DIV/0! | AH42: =AE42+AB42 -> 0 | AI42: =AF42+AC42 -> 29420 | AJ42: =AI42/AH42-1 -> #DIV/0! | AM42: =AL42/AK42-1 -> #DIV/0! | AN42: =AK42+AH42 -> 0 | AO42: =AL42+AI42 -> 29420 | AP42: =AO42/AN42-1 -> #DIV/0! | AS42: =AR42/AQ42-1 -> #DIV/0! | AT42: =AQ42+AN42 -> 0 | AU42: =AR42+AO42 -> 29420 | AV42: =AU42/AT42-1 -> #DIV/0! | AY42: =AX42/AW42-1 -> #DIV/0! | AZ42: =AW42+AT42 -> 0 | BA42: =AX42+AU42 -> 29420 | BB42: =BA42/AZ42-1 -> #DIV/0! | BE42: =BD42/BC42-1 -> #DIV/0! | BF42: =BC42+AZ42 -> 0 | BG42: =BD42+BA42 -> 29420 | BH42: =BG42/BF42-1 -> #DIV/0! | BJ42: 4590 | BK42: =BJ42/BI42-1 -> #DIV/0! | BL42: =BI42+BF42 -> 0 | BM42: =BJ42+BG42 -> 34010 | BN42: =BM42/BL42-1 -> #DIV/0! | BR42: =BM42/10000/I42 -> 0.0425125 | BT42: 20000
A43: 杭州 | B43: 杭州 | C43: 贝壳美家供应链管理（浙江）有限责任公司 | D43: 家装 | E43: 家装 | F43: 杭州市区 | G43: 拱墅区 | H43: 黄颖 | I43: 200 | T43: 7250 | U43: =T43/S43-1 -> #DIV/0! | V43: =S43+P43 -> 0 | W43: =T43+Q43 -> 7250 | X43: =W43/V43-1 -> #DIV/0! | AA43: =Z43/Y43-1 -> #DIV/0! | AB43: =Y43+V43 -> 0 | AC43: =Z43+W43 -> 7250 | AD43: =AC43/AB43-1 -> #DIV/0! | AG43: =AF43/AE43-1 -> #DIV/0! | AH43: =AE43+AB43 -> 0 | AI43: =AF43+AC43 -> 7250 | AJ43: =AI43/AH43-1 -> #DIV/0! | AM43: =AL43/AK43-1 -> #DIV/0! | AN43: =AK43+AH43 -> 0 | AO43: =AL43+AI43 -> 7250 | AP43: =AO43/AN43-1 -> #DIV/0! | AR43: 53816 | AS43: =AR43/AQ43-1 -> #DIV/0! | AT43: =AQ43+AN43 -> 0 | AU43: =AR43+AO43 -> 61066 | AV43: =AU43/AT43-1 -> #DIV/0! | AX43: =22281+11274 -> 33555 | AY43: =AX43/AW43-1 -> #DIV/0! | AZ43: =AW43+AT43 -> 0 | BA43: =AX43+AU43 -> 94621 | BB43: =BA43/AZ43-1 -> #DIV/0! | BD43: 12823 | BE43: =BD43/BC43-1 -> #DIV/0! | BF43: =BC43+AZ43 -> 0 | BG43: =BD43+BA43 -> 107444 | BH43: =BG43/BF43-1 -> #DIV/0! | BJ43: 36202 | BK43: =BJ43/BI43-1 -> #DIV/0! | BL43: =BI43+BF43 -> 0 | BM43: =BJ43+BG43 -> 143646 | BN43: =BM43/BL43-1 -> #DIV/0! | BR43: =BM43/10000/I43 -> 0.071823
A44: 杭州 | B44: 杭州 | C44: 杭州平野实业有限公司 | D44: 家装 | E44: 家装 | F44: 杭州市区 | G44: 拱墅区 | H44: 黄颖 | I44: 25 | AB44: =Y44+V44 -> 0 | AG44: =AF44/AE44-1 -> #DIV/0! | AH44: =AE44+AB44 -> 0 | AI44: =AF44+AC44 -> 0 | AJ44: =AI44/AH44-1 -> #DIV/0! | AM44: =AL44/AK44-1 -> #DIV/0! | AN44: =AK44+AH44 -> 0 | AO44: =AL44+AI44 -> 0 | AP44: =AO44/AN44-1 -> #DIV/0! | AS44: =AR44/AQ44-1 -> #DIV/0! | AT44: =AQ44+AN44 -> 0 | AU44: =AR44+AO44 -> 0 | AV44: =AU44/AT44-1 -> #DIV/0! | AY44: =AX44/AW44-1 -> #DIV/0! | AZ44: =AW44+AT44 -> 0 | BA44: =AX44+AU44 -> 0 | BB44: =BA44/AZ44-1 -> #DIV/0! | BE44: =BD44/BC44-1 -> #DIV/0! | BF44: =BC44+AZ44 -> 0 | BG44: =BD44+BA44 -> 0 | BH44: =BG44/BF44-1 -> #DIV/0! | BK44: =BJ44/BI44-1 -> #DIV/0! | BL44: =BI44+BF44 -> 0 | BM44: =BJ44+BG44 -> 0 | BN44: =BM44/BL44-1 -> #DIV/0! | BR44: =BM44/10000/I44 -> 0
A45: 杭州 | B45: 杭州 | C45: 杭州速简优装饰工程有限公司 | D45: 家装 | E45: 家装 | F45: 杭州市区 | G45: 拱墅区 | H45: 黄颖 | I45: 20 | AG45: =AF45/AE45-1 -> #DIV/0! | AH45: =AE45+AB45 -> 0 | AI45: =AF45+AC45 -> 0 | AJ45: =AI45/AH45-1 -> #DIV/0! | AM45: =AL45/AK45-1 -> #DIV/0! | AN45: =AK45+AH45 -> 0 | AO45: =AL45+AI45 -> 0 | AP45: =AO45/AN45-1 -> #DIV/0! | AS45: =AR45/AQ45-1 -> #DIV/0! | AT45: =AQ45+AN45 -> 0 | AU45: =AR45+AO45 -> 0 | AV45: =AU45/AT45-1 -> #DIV/0! | AY45: =AX45/AW45-1 -> #DIV/0! | AZ45: =AW45+AT45 -> 0 | BA45: =AX45+AU45 -> 0 | BB45: =BA45/AZ45-1 -> #DIV/0! | BE45: =BD45/BC45-1 -> #DIV/0! | BF45: =BC45+AZ45 -> 0 | BG45: =BD45+BA45 -> 0 | BH45: =BG45/BF45-1 -> #DIV/0! | BK45: =BJ45/BI45-1 -> #DIV/0! | BL45: =BI45+BF45 -> 0 | BM45: =BJ45+BG45 -> 0 | BN45: =BM45/BL45-1 -> #DIV/0! | BR45: =BM45/10000/I45 -> 0
A46: 杭州 | B46: 杭州 | C46: 杭州恒大建材超级旗舰店（浙江云顶贸易有限公司） | D46: 家装 | E46: 家装 | F46: 杭州市区 | G46: 拱墅区 | H46: 黄颖 | AF46: 13000 | AG46: =AF46/AE46-1 -> #DIV/0! | AH46: =AE46+AB46 -> 0 | AI46: =AF46+AC46 -> 13000 | AJ46: =AI46/AH46-1 -> #DIV/0! | AM46: =AL46/AK46-1 -> #DIV/0! | AN46: =AK46+AH46 -> 0 | AO46: =AL46+AI46 -> 13000 | AP46: =AO46/AN46-1 -> #DIV/0! | AS46: =AR46/AQ46-1 -> #DIV/0! | AT46: =AQ46+AN46 -> 0 | AU46: =AR46+AO46 -> 13000 | AV46: =AU46/AT46-1 -> #DIV/0! | AX46: 3470 | AY46: =AX46/AW46-1 -> #DIV/0! | AZ46: =AW46+AT46 -> 0 | BA46: =AX46+AU46 -> 16470 | BB46: =BA46/AZ46-1 -> #DIV/0! | BE46: =BD46/BC46-1 -> #DIV/0! | BF46: =BC46+AZ46 -> 0 | BG46: =BD46+BA46 -> 16470 | BH46: =BG46/BF46-1 -> #DIV/0! | BK46: =BJ46/BI46-1 -> #DIV/0! | BL46: =BI46+BF46 -> 0 | BM46: =BJ46+BG46 -> 16470 | BN46: =BM46/BL46-1 -> #DIV/0! | BR46: =BM46/10000/I46 -> #DIV/0!
A47: 杭州 | B47: 杭州 | C47: 杭州允选科技有限公司 | D47: 经销 | E47: 经销 | F47: 杭州市区 | H47: 陈雪君 | AF47: 66234 | AG47: =AF47/AE47-1 -> #DIV/0! | AH47: =AE47+AB47 -> 0 | AI47: =AF47+AC47 -> 66234 | AJ47: =AI47/AH47-1 -> #DIV/0! | AL47: 10341.7 | AM47: =AL47/AK47-1 -> #DIV/0! | AN47: =AK47+AH47 -> 0 | AO47: =AL47+AI47 -> 76575.7 | AP47: =AO47/AN47-1 -> #DIV/0! | AR47: 12445 | AS47: =AR47/AQ47-1 -> #DIV/0! | AT47: =AQ47+AN47 -> 0 | AU47: =AR47+AO47 -> 89020.7 | AV47: =AU47/AT47-1 -> #DIV/0! | AX47: 8999 | AY47: =AX47/AW47-1 -> #DIV/0! | AZ47: =AW47+AT47 -> 0 | BA47: =AX47+AU47 -> 98019.7 | BB47: =BA47/AZ47-1 -> #DIV/0! | BD47: 30503.1 | BE47: =BD47/BC47-1 -> #DIV/0! | BF47: =BC47+AZ47 -> 0 | BG47: =BD47+BA47 -> 128522.8 | BH47: =BG47/BF47-1 -> #DIV/0! | BJ47: =41710-24350 -> 17360 | BK47: =BJ47/BI47-1 -> #DIV/0! | BL47: =BI47+BF47 -> 0 | BM47: =BJ47+BG47 -> 145882.8 | BN47: =BM47/BL47-1 -> #DIV/0! | BR47: =BM47/10000/I47 -> #DIV/0!
A48: 杭州 | B48: 杭州 | C48: 北京天坛装饰工程有限责任公司杭州分公司 | D48: 家装 | E48: 家装 | F48: 杭州市区 | G48: 拱墅区 | H48: 黄颖 | I48: 60 | T48: 35400 | U48: =T48/S48-1 -> #DIV/0! | V48: =S48+P48 -> 0 | W48: =T48+Q48 -> 35400 | X48: =W48/V48-1 -> #DIV/0! | AA48: =Z48/Y48-1 -> #DIV/0! | AB48: =Y48+V48 -> 0 | AC48: =Z48+W48 -> 35400 | AD48: =AC48/AB48-1 -> #DIV/0! | AF48: 27200 | AG48: =AF48/AE48-1 -> #DIV/0! | AH48: =AE48+AB48 -> 0 | AI48: =AF48+AC48 -> 62600 | AJ48: =AI48/AH48-1 -> #DIV/0! | AM48: =AL48/AK48-1 -> #DIV/0! | AN48: =AK48+AH48 -> 0 | AO48: =AL48+AI48 -> 62600 | AP48: =AO48/AN48-1 -> #DIV/0! | AR48: 47200 | AS48: =AR48/AQ48-1 -> #DIV/0! | AT48: =AQ48+AN48 -> 0 | AU48: =AR48+AO48 -> 109800 | AV48: =AU48/AT48-1 -> #DIV/0! | AX48: 17700 | AY48: =AX48/AW48-1 -> #DIV/0! | AZ48: =AW48+AT48 -> 0 | BA48: =AX48+AU48 -> 127500 | BB48: =BA48/AZ48-1 -> #DIV/0! | BD48: 32450 | BE48: =BD48/BC48-1 -> #DIV/0! | BF48: =BC48+AZ48 -> 0 | BG48: =BD48+BA48 -> 159950 | BH48: =BG48/BF48-1 -> #DIV/0! | BK48: =BJ48/BI48-1 -> #DIV/0! | BL48: =BI48+BF48 -> 0 | BM48: =BJ48+BG48 -> 159950 | BN48: =BM48/BL48-1 -> #DIV/0! | BR48: =BM48/10000/I48 -> 0.26658333
C49: 合计 | I49: =SUBTOTAL(9,I3:I48) -> 4549 | J49: =SUBTOTAL(9,J3:J48) -> 1820726.5 | K49: =SUBTOTAL(9,K3:K48) -> 2134133.9 | L49: =K49/J49-1 -> 0.17213319 | M49: =SUBTOTAL(9,M3:M48) -> 665632 | N49: =SUBTOTAL(9,N3:N48) -> 2030936 | O49: =N49/M49-1 -> 2.0511394 | P49: =SUBTOTAL(9,P3:P48) -> 2486358.5 | Q49: =SUBTOTAL(9,Q3:Q48) -> 4165070 | R49: =Q49/P49-1 -> 0.67516873 | S49: =SUBTOTAL(9,S3:S48) -> 2335229.5 | T49: =SUBTOTAL(9,T3:T48) -> 3216768.4 | U49: =T49/S49-1 -> 0.37749557 | V49: =SUBTOTAL(9,V3:V48) -> 4821588 | W49: =SUBTOTAL(9,W3:W48) -> 7381838.3 | X49: =W49/V49-1 -> 0.53099732 | Y49: =SUBTOTAL(9,Y3:Y48) -> 2932936.8 | Z49: =SUBTOTAL(9,Z3:Z48) -> 3605274.2 | AA49: =Z49/Y49-1 -> 0.2292369 | AB49: =SUBTOTAL(9,AB3:AB48) -> 7754524.9 | AC49: =SUBTOTAL(9,AC3:AC48) -> 10987113 | AD49: =AC49/AB49-1 -> 0.4168647 | AE49: =SUM(AE3:AE48) -> 2754128.3 | AF49: =SUM(AF3:AF48) -> 2967154.7 | AG49: =AF49/AE49-1 -> 0.07734805 | AH49: =SUM(AH3:AH48) -> 10508653 | AI49: =SUM(AI3:AI48) -> 13954267 | AJ49: =AI49/AH49-1 -> 0.32788351 | AK49: =SUM(AK3:AK48) -> 3834503.5 | AL49: =SUM(AL3:AL48) -> 3744101 | AM49: =AL49/AK49-1 -> -0.023576064 | AN49: =SUM(AN3:AN48) -> 14343157 | AO49: =SUM(AO3:AO48) -> 17698368 | AP49: =AO49/AN49-1 -> 0.23392421 | AQ49: =SUM(AQ3:AQ48) -> 2104345.2 | AR49: =SUM(AR3:AR48) -> 2351069.8 | AS49: =AR49/AQ49-1 -> 0.11724528 | AT49: =SUM(AT3:AT48) -> 16447502 | AU49: =SUM(AU3:AU48) -> 20049438 | AV49: =AU49/AT49-1 -> 0.21899594 | AW49: =SUM(AW3:AW48) -> 1930214.4 | AX49: =SUM(AX3:AX48) -> 1841887.6 | AY49: =AX49/AW49-1 -> -0.045760052 | AZ49: =SUM(AZ3:AZ48) -> 18377716 | BA49: =SUM(BA3:BA48) -> 21891326 | BB49: =BA49/AZ49-1 -> 0.19118858 | BC49: =SUM(BC3:BC48) -> 2928380.3 | BD49: =SUM(BD3:BD48) -> 1665365.5 | BE49: =BD49/BC49-1 -> -0.43130149 | BF49: =SUM(BF3:BF48) -> 21306097 | BG49: =SUM(BG3:BG48) -> 23556691 | BH49: =BG49/BF49-1 -> 0.10563149 | BI49: =SUM(BI3:BI48) -> 4365273.7 | BJ49: =SUM(BJ3:BJ48) -> 2242104.6 | BK49: =BJ49/BI49-1 -> -0.48637709 | BL49: =SUM(BL3:BL48) -> 25671370 | BM49: =SUM(BM3:BM48) -> 25798796 | BN49: =BM49/BL49-1 -> 0.0049637194 | BO49: =SUM(BO3:BO41) -> 3575920.7 | BP49: =SUM(BP3:BP41) -> 3946078 | BQ49: =SUM(BQ3:BQ41) -> 33107348 | BR49: =BM49/10000/I49 -> 0.56713114

Sheet 湖州
A1: 大地区 | B1: 序号 | C1: 系统门店 | D1: 渠道 | E1: 渠道细分 | F1: 大区 | G1: 市/区/县 | H1: 业务员 | I1: 合同任务 | J1: 1月 | L1: 同比 | M1: 2月 | O1: 同比 | P1: 1-2月 | R1: 同比 | S1: 3月 | U1: 同比 | V1: 1-3月 | X1: 同比 | Y1: 4月 | AA1: 同比 | AB1: 1-4月 | AD1: 同比 | AE1: 5月 | AG1: 同比 | AH1: 1-5月 | AJ1: 同比 | AK1: 6月 | AM1: 同比 | AN1: 1-6月 | AP1: 同比 | AQ1: 7月 | AS1: 同比 | AT1: 1-7月 | AV1: 同比 | AW1: 8月 | AY1: 同比 | AZ1: 1-8月 | BB1: 同比 | BC1: 9月 | BE1: 同比 | BF1: 1-9月 | BH1: 同比 | BI1: 10月 | BK1: 同比 | BL1: 1-10月 | BN1: 同比 | BO1: 11月 | BP1: 12月 | BQ1: 1-12月 | BR1: 完成率
J2: 2024年 | K2: 2025年 | M2: 2024年 | N2: 2025年 | P2: 2024年 | Q2: 2025年 | S2: 2024年 | T2: 2025年 | V2: 2024年 | W2: 2025年 | Y2: 2024年 | Z2: 2025年 | AB2: 2024年 | AC2: 2025年 | AE2: 2024年 | AF2: 2025年 | AH2: 2024年 | AI2: 2025年 | AK2: 2024年 | AL2: 2025年 | AN2: 2024年 | AO2: 2025年 | AQ2: 2024年 | AR2: 2025年 | AT2: 2024年 | AU2: 2025年 | AW2: 2024年 | AX2: 2025年 | AZ2: 2024年 | BA2: 2025年 | BC2: 2024年 | BD2: 2025年 | BF2: 2024年 | BG2: 2025年 | BI2: 2024年 | BJ2: 2025年 | BL2: 2024年 | BM2: 2025年 | BO2: 2024年 | BP2: 2024年 | BQ2: 2024年 | BS2: 25年场地费
A3: 湖州 | B3: 湖州 | C3: 长兴百诚天龙电器有限公司 | D3: 经销 | E3: 经销 | F3: 长兴县 | G3: 长兴县 | H3: 张正芳 | I3: 15 | L3: =K3/J3-1 -> #DIV/0! | N3: 4405 | O3: =N3/M3-1 -> #DIV/0! | P3: =M3+J3 -> 0 | Q3: =N3+K3 -> 4405 | R3: =Q3/P3-1 -> #DIV/0! | S3: 10579 | T3: 30000 | U3: =T3/S3-1 -> 1.8358068 | V3: =S3+P3 -> 10579 | W3: =Q3+T3 -> 34405 | X3: =W3/V3-1 -> 2.2521978 | AA3: =Z3/Y3-1 -> #DIV/0! | AB3: =V3+Y3 -> 10579 | AC3: =W3+Z3 -> 34405 | AD3: =AC3/AB3-1 -> 2.2521978 | AG3: =AF3/AE3-1 -> #DIV/0! | AH3: =AE3+AB3 -> 10579 | AI3: =AF3+AC3 -> 34405 | AJ3: =AI3/AH3-1 -> 2.2521978 | AK3: 6097 | AM3: =AL3/AK3-1 -> -1 | AN3: =AH3+AK3 -> 16676 | AO3: =AI3+AL3 -> 34405 | AP3: =AO3/AN3-1 -> 1.0631446 | AQ3: 8810 | AS3: =AR3/AQ3-1 -> -1 | AT3: =AQ3+AN3 -> 25486 | AU3: =AR3+AO3 -> 34405 | AV3: =AU3/AT3-1 -> 0.34995684 | AY3: =AX3/AW3-1 -> #DIV/0! | AZ3: =AW3+AT3 -> 25486 | BA3: =AX3+AU3 -> 34405 | BB3: =BA3/AZ3-1 -> 0.34995684 | BC3: 2148 | BE3: =BD3/BC3-1 -> -1 | BF3: =BC3+AZ3 -> 27634 | BG3: =BD3+BA3 -> 34405 | BH3: =BG3/BF3-1 -> 0.24502425 | BK3: =BJ3/BI3-1 -> #DIV/0! | BL3: =BI3+BF3 -> 27634 | BM3: =BJ3+BG3 -> 34405 | BN3: =BM3/BL3-1 -> 0.24502425 | BP3: 2148 | BQ3: 29782 | BR3: =BM3/10000/I3 -> 0.22936667
A4: 湖州 | B4: 湖州 | C4: 南浔力恒电器商行 | D4: 加盟 | E4: 加盟 | F4: 南浔区 | G4: 南浔区 | H4: 陈中元 | J4: 2000 | K4: 3500 | L4: =K4/J4-1 -> 0.75 | N4: 10000 | O4: =N4/M4-1 -> #DIV/0! | P4: =M4+J4 -> 2000 | Q4: =N4+K4 -> 13500 | R4: =Q4/P4-1 -> 5.75 | T4: 13017.06 | U4: =T4/S4-1 -> #DIV/0! | V4: =S4+P4 -> 2000 | W4: =Q4+T4 -> 26517.06 | X4: =W4/V4-1 -> 12.25853 | Y4: 58500 | AA4: =Z4/Y4-1 -> -1 | AB4: =V4+Y4 -> 60500 | AC4: =W4+Z4 -> 26517.06 | AD4: =AC4/AB4-1 -> -0.56170149 | AE4: 47100 | AG4: =AF4/AE4-1 -> -1 | AH4: =AE4+AB4 -> 107600 | AI4: =AF4+AC4 -> 26517.06 | AJ4: =AI4/AH4-1 -> -0.75355892 | AK4: 104700 | AM4: =AL4/AK4-1 -> -1 | AN4: =AH4+AK4 -> 212300 | AO4: =AI4+AL4 -> 26517.06 | AP4: =AO4/AN4-1 -> -0.87509628 | AQ4: 2311 | AS4: =AR4/AQ4-1 -> -1 | AT4: =AQ4+AN4 -> 214611 | AU4: =AR4+AO4 -> 26517.06 | AV4: =AU4/AT4-1 -> -0.87644128 | AY4: =AX4/AW4-1 -> #DIV/0! | AZ4: =AW4+AT4 -> 214611 | BA4: =AX4+AU4 -> 26517.06 | BB4: =BA4/AZ4-1 -> -0.87644128 | BC4: 91007 | BE4: =BD4/BC4-1 -> -1 | BF4: =BC4+AZ4 -> 305618 | BG4: =BD4+BA4 -> 26517.06 | BH4: =BG4/BF4-1 -> -0.91323463 | BI4: 40000 | BK4: =BJ4/BI4-1 -> -1 | BL4: =BI4+BF4 -> 345618 | BM4: =BJ4+BG4 -> 26517.06 | BN4: =BM4/BL4-1 -> -0.92327639 | BO4: 109300 | BP4: 113080 | BQ4: 567998 | BR4: =BM4/10000/I4 -> #DIV/0!
A5: 湖州 | B5: 湖州 | C5: 湖州浙北大厦家电有限公司 | D5: TOP渠道 | E5: TOP渠道 | F5: 湖州市区 | G5: 市区 | H5: 翁昕 | I5: 600 | J5: 200000 | K5: 400000 | L5: =K5/J5-1 -> 1 | M5: 300000 | N5: 300000 | O5: =N5/M5-1 -> 0 | P5: =M5+J5 -> 500000 | Q5: =N5+K5 -> 700000 | R5: =Q5/P5-1 -> 0.4 | T5: =40000+170000 -> 210000 | U5: =T5/S5-1 -> #DIV/0! | V5: =S5+P5 -> 500000 | W5: =Q5+T5 -> 910000 | X5: =W5/V5-1 -> 0.82 | Y5: 250000 | Z5: 400000 | AA5: =Z5/Y5-1 -> 0.6 | AB5: =V5+Y5 -> 750000 | AC5: =W5+Z5 -> 1310000 | AD5: =AC5/AB5-1 -> 0.74666667 | AE5: 420000 | AF5: 180000 | AG5: =AF5/AE5-1 -> -0.57142857 | AH5: =AE5+AB5 -> 1170000 | AI5: =AF5+AC5 -> 1490000 | AJ5: =AI5/AH5-1 -> 0.27350427 | AK5: 150000 | AL5: 200000 | AM5: =AL5/AK5-1 -> 0.33333333 | AN5: =AH5+AK5 -> 1320000 | AO5: =AI5+AL5 -> 1690000 | AP5: =AO5/AN5-1 -> 0.28030303 | AQ5: 200000 | AR5: 250000 | AS5: =AR5/AQ5-1 -> 0.25 | AT5: =AQ5+AN5 -> 1520000 | AU5: =AR5+AO5 -> 1940000 | AV5: =AU5/AT5-1 -> 0.27631579 | AW5: 250000 | AX5: 200000 | AY5: =AX5/AW5-1 -> -0.2 | AZ5: =AW5+AT5 -> 1770000 | BA5: =AX5+AU5 -> 2140000 | BB5: =BA5/AZ5-1 -> 0.20903955 | BC5: 259764.14 | BD5: 160000 | BE5: =BD5/BC5-1 -> -0.38405663 | BF5: =BC5+AZ5 -> 2029764.1 | BG5: =BD5+BA5 -> 2300000 | BH5: =BG5/BF5-1 -> 0.13313658 | BI5: 440000 | BJ5: 150000 | BK5: =BJ5/BI5-1 -> -0.65909091 | BL5: =BI5+BF5 -> 2469764.1 | BM5: =BJ5+BG5 -> 2450000 | BN5: =BM5/BL5-1 -> -0.0080024403 | BO5: 600000 | BP5: 900000 | BQ5: 3969764.1 | BR5: =BM5/10000/I5 -> 0.40833333 | BS5: 170000
A6: 湖州 | B6: 湖州 | C6: 德清县武康镇佳通制冷设备商行 | D6: 经销 | E6: 经销 | F6: 德清县 | G6: 德清县 | H6: 陈中元 | I6: 70 | K6: 23268 | L6: =K6/J6-1 -> #DIV/0! | N6: 20000 | O6: =N6/M6-1 -> #DIV/0! | P6: =M6+J6 -> 0 | Q6: =N6+K6 -> 43268 | R6: =Q6/P6-1 -> #DIV/0! | S6: =138700+11340 -> 150040 | T6: =505+110381 -> 110886 | U6: =T6/S6-1 -> -0.26095708 | V6: =S6+P6 -> 150040 | W6: =Q6+T6 -> 154154 | X6: =W6/V6-1 -> 0.027419355 | AA6: =Z6/Y6-1 -> #DIV/0! | AB6: =V6+Y6 -> 150040 | AC6: =W6+Z6 -> 154154 | AD6: =AC6/AB6-1 -> 0.027419355 | AE6: 39000 | AF6: 31123 | AG6: =AF6/AE6-1 -> -0.20197436 | AH6: =AE6+AB6 -> 189040 | AI6: =AF6+AC6 -> 185277 | AJ6: =AI6/AH6-1 -> -0.01990584 | AK6: =26000+115000 -> 141000 | AL6: 25000 | AM6: =AL6/AK6-1 -> -0.82269504 | AN6: =AH6+AK6 -> 330040 | AO6: =AI6+AL6 -> 210277 | AP6: =AO6/AN6-1 -> -0.3628742 | AQ6: 2746.26 | AR6: 26000 | AS6: =AR6/AQ6-1 -> 8.4674211 | AT6: =AQ6+AN6 -> 332786.26 | AU6: =AR6+AO6 -> 236277 | AV6: =AU6/AT6-1 -> -0.29000374 | AX6: 81471 | AY6: =AX6/AW6-1 -> #DIV/0! | AZ6: =AW6+AT6 -> 332786.26 | BA6: =AX6+AU6 -> 317748 | BB6: =BA6/AZ6-1 -> -0.045188945 | BD6: 52000 | BE6: =BD6/BC6-1 -> #DIV/0! | BF6: =BC6+AZ6 -> 332786.26 | BG6: =BD6+BA6 -> 369748 | BH6: =BG6/BF6-1 -> 0.11106751 | BI6: =-52392+87495 -> 35103 | BK6: =BJ6/BI6-1 -> -1 | BL6: =BI6+BF6 -> 367889.26 | BM6: =BJ6+BG6 -> 369748 | BN6: =BM6/BL6-1 -> 0.0050524443 | BO6: =-7894+13102+4456 -> 9664 | BP6: 41447 | BQ6: 419000.26 | BR6: =BM6/10000/I6 -> 0.52821143
A7: 湖州 | B7: 湖州 | C7: 湖州长兴之窗专卖店 | D7: 直营 | E7: 直营 | F7: 长兴县 | G7: 长兴县 | H7: 张正芳 | I7: 75 | J7: 68740 | K7: 41556 | L7: =K7/J7-1 -> -0.39546116 | M7: 17488 | N7: 23930 | O7: =N7/M7-1 -> 0.36836688 | P7: =M7+J7 -> 86228 | Q7: =N7+K7 -> 65486 | R7: =Q7/P7-1 -> -0.24054831 | S7: 42550 | T7: 28616 | U7: =T7/S7-1 -> -0.32747356 | V7: =S7+P7 -> 128778 | W7: =Q7+T7 -> 94102 | X7: =W7/V7-1 -> -0.2692696 | Y7: 48590 | Z7: 5936 | AA7: =Z7/Y7-1 -> -0.87783495 | AB7: =V7+Y7 -> 177368 | AC7: =W7+Z7 -> 100038 | AD7: =AC7/AB7-1 -> -0.4359862 | AE7: 76270 | AF7: 33015 | AG7: =AF7/AE7-1 -> -0.56712993 | AH7: =AE7+AB7 -> 253638 | AI7: =AF7+AC7 -> 133053 | AJ7: =AI7/AH7-1 -> -0.47542166 | AK7: 39070 | AL7: =12199-7600 -> 4599 | AM7: =AL7/AK7-1 -> -0.8822882 | AN7: =AH7+AK7 -> 292708 | AO7: =AI7+AL7 -> 137652 | AP7: =AO7/AN7-1 -> -0.52972929 | AQ7: 10450 | AR7: -4599 | AS7: =AR7/AQ7-1 -> -1.4400957 | AT7: =AQ7+AN7 -> 303158 | AU7: =AR7+AO7 -> 133053 | AV7: =AU7/AT7-1 -> -0.56111005 | AW7: 21056 | AX7: 0 | AY7: =AX7/AW7-1 -> -1 | AZ7: =AW7+AT7 -> 324214 | BA7: =AX7+AU7 -> 133053 | BB7: =BA7/AZ7-1 -> -0.58961365 | BC7: 106142 | BE7: =BD7/BC7-1 -> -1 | BF7: =BC7+AZ7 -> 430356 | BG7: =BD7+BA7 -> 133053 | BH7: =BG7/BF7-1 -> -0.69083038 | BI7: 61139 | BK7: =BJ7/BI7-1 -> -1 | BL7: =BI7+BF7 -> 491495 | BM7: =BJ7+BG7 -> 133053 | BN7: =BM7/BL7-1 -> -0.72928921 | BO7: 25316 | BP7: 115791 | BQ7: 632602 | BR7: =BM7/10000/I7 -> 0.177404
A8: 湖州 | B8: 湖州 | C8: 湖州金蝶零售 | D8: 零售 | E8: 零售 | F8: 湖州市区 | G8: 市区 | H8: 陈中元 | J8: 216965.28 | K8: 4938 | L8: =K8/J8-1 -> -0.9772406 | M8: 59548 | O8: =N8/M8-1 -> -1 | P8: =M8+J8 -> 276513.28 | Q8: =N8+K8 -> 4938 | R8: =Q8/P8-1 -> -0.98214191 | S8: 97829.46 | T8: 2998 | U8: =T8/S8-1 -> -0.96935483 | V8: =S8+P8 -> 374342.74 | W8: =Q8+T8 -> 7936 | X8: =W8/V8-1 -> -0.97880018 | Y8: 14652 | Z8: 2400 | AA8: =Z8/Y8-1 -> -0.83619984 | AB8: =V8+Y8 -> 388994.74 | AC8: =W8+Z8 -> 10336 | AD8: =AC8/AB8-1 -> -0.97342895 | AE8: 2100 | AF8: 11730 | AG8: =AF8/AE8-1 -> 4.5857143 | AH8: =AE8+AB8 -> 391094.74 | AI8: =AF8+AC8 -> 22066 | AJ8: =AI8/AH8-1 -> -0.94357889 | AL8: =2998+7600 -> 10598 | AM8: =AL8/AK8-1 -> #DIV/0! | AN8: =AH8+AK8 -> 391094.74 | AO8: =AI8+AL8 -> 32664 | AP8: =AO8/AN8-1 -> -0.91648059 | AQ8: 18196 | AR8: 8400 | AS8: =AR8/AQ8-1 -> -0.53836008 | AT8: =AQ8+AN8 -> 409290.74 | AU8: =AR8+AO8 -> 41064 | AV8: =AU8/AT8-1 -> -0.89967034 | AW8: 3666 | AX8: 8876 | AY8: =AX8/AW8-1 -> 1.4211675 | AZ8: =AW8+AT8 -> 412956.74 | BA8: =AX8+AU8 -> 49940 | BB8: =BA8/AZ8-1 -> -0.87906724 | BC8: 21554 | BE8: =BD8/BC8-1 -> -1 | BF8: =BC8+AZ8 -> 434510.74 | BG8: =BD8+BA8 -> 49940 | BH8: =BG8/BF8-1 -> -0.88506613 | BI8: 2796 | BJ8: 21969 | BK8: =BJ8/BI8-1 -> 6.8572961 | BL8: =BI8+BF8 -> 437306.74 | BM8: =BJ8+BG8 -> 71909 | BN8: =BM8/BL8-1 -> -0.83556393 | BO8: 796 | BP8: 8848 | BQ8: 446950.74 | BR8: =BM8/10000/I8 -> #DIV/0!
A9: 湖州 | B9: 湖州 | C9: 吴兴新丰豪厨卫热水器商店 | D9: 经销 | E9: 经销 | F9: 湖州市区 | G9: 吴兴区 | H9: 陈中元 | J9: 4521 | L9: =K9/J9-1 -> -1 | O9: =N9/M9-1 -> #DIV/0! | P9: =M9+J9 -> 4521 | Q9: =N9+K9 -> 0 | R9: =Q9/P9-1 -> -1 | U9: =T9/S9-1 -> #DIV/0! | V9: =S9+P9 -> 4521 | W9: =Q9+T9 -> 0 | X9: =W9/V9-1 -> -1 | Y9: 3305 | AA9: =Z9/Y9-1 -> -1 | AB9: =V9+Y9 -> 7826 | AC9: =W9+Z9 -> 0 | AD9: =AC9/AB9-1 -> -1 | AG9: =AF9/AE9-1 -> #DIV/0! | AH9: =AE9+AB9 -> 7826 | AI9: =AF9+AC9 -> 0 | AJ9: =AI9/AH9-1 -> -1 | AM9: =AL9/AK9-1 -> #DIV/0! | AN9: =AH9+AK9 -> 7826 | AO9: =AI9+AL9 -> 0 | AP9: =AO9/AN9-1 -> -1 | AS9: =AR9/AQ9-1 -> #DIV/0! | AT9: =AQ9+AN9 -> 7826 | AU9: =AR9+AO9 -> 0 | AV9: =AU9/AT9-1 -> -1 | AY9: =AX9/AW9-1 -> #DIV/0! | AZ9: =AW9+AT9 -> 7826 | BA9: =AX9+AU9 -> 0 | BB9: =BA9/AZ9-1 -> -1 | BE9: =BD9/BC9-1 -> #DIV/0! | BF9: =BC9+AZ9 -> 7826 | BG9: =BD9+BA9 -> 0 | BH9: =BG9/BF9-1 -> -1 | BK9: =BJ9/BI9-1 -> #DIV/0! | BL9: =BI9+BF9 -> 7826 | BM9: =BJ9+BG9 -> 0 | BN9: =BM9/BL9-1 -> -1 | BQ9: 7826 | BR9: =BM9/10000/I9 -> #DIV/0!
A10: 湖州 | B10: 湖州 | C10: 湖州晓宇冷暖设备工程有限公司 | D10: 暖通 | E10: 暖通 | F10: 湖州市区 | G10: 吴兴区 | H10: 陈中元 | J10: 18336 | K10: 790 | L10: =K10/J10-1 -> -0.95691536 | M10: 5885 | O10: =N10/M10-1 -> -1 | P10: =M10+J10 -> 24221 | Q10: =N10+K10 -> 790 | R10: =Q10/P10-1 -> -0.96738368 | S10: 9785 | T10: 9575 | U10: =T10/S10-1 -> -0.021461421 | V10: =S10+P10 -> 34006 | W10: =Q10+T10 -> 10365 | X10: =W10/V10-1 -> -0.69520085 | Y10: 20567 | AA10: =Z10/Y10-1 -> -1 | AB10: =V10+Y10 -> 54573 | AC10: =W10+Z10 -> 10365 | AD10: =AC10/AB10-1 -> -0.81007091 | AG10: =AF10/AE10-1 -> #DIV/0! | AH10: =AE10+AB10 -> 54573 | AI10: =AF10+AC10 -> 10365 | AJ10: =AI10/AH10-1 -> -0.81007091 | AK10: 1580 | AM10: =AL10/AK10-1 -> -1 | AN10: =AH10+AK10 -> 56153 | AO10: =AI10+AL10 -> 10365 | AP10: =AO10/AN10-1 -> -0.81541503 | AS10: =AR10/AQ10-1 -> #DIV/0! | AT10: =AQ10+AN10 -> 56153 | AU10: =AR10+AO10 -> 10365 | AV10: =AU10/AT10-1 -> -0.81541503 | AY10: =AX10/AW10-1 -> #DIV/0! | AZ10: =AW10+AT10 -> 56153 | BA10: =AX10+AU10 -> 10365 | BB10: =BA10/AZ10-1 -> -0.81541503 | BC10: 13071 | BE10: =BD10/BC10-1 -> -1 | BF10: =BC10+AZ10 -> 69224 | BG10: =BD10+BA10 -> 10365 | BH10: =BG10/BF10-1 -> -0.85026869 | BI10: 3556 | BK10: =BJ10/BI10-1 -> -1 | BL10: =BI10+BF10 -> 72780 | BM10: =BJ10+BG10 -> 10365 | BN10: =BM10/BL10-1 -> -0.8575845 | BP10: 9136 | BQ10: 81916 | BR10: =BM10/10000/I10 -> #DIV/0!
A11: 湖州 | B11: 湖州 | C11: 长兴银海电器有限公司 | D11: 经销 | E11: 经销 | F11: 长兴县 | G11: 长兴县 | H11: 张正芳 | L11: =K11/J11-1 -> #DIV/0! | O11: =N11/M11-1 -> #DIV/0! | P11: =M11+J11 -> 0 | Q11: =N11+K11 -> 0 | R11: =Q11/P11-1 -> #DIV/0! | S11: 2896.82 | U11: =T11/S11-1 -> -1 | V11: =S11+P11 -> 2896.82 | W11: =Q11+T11 -> 0 | X11: =W11/V11-1 -> -1 | AA11: =Z11/Y11-1 -> #DIV/0! | AB11: =V11+Y11 -> 2896.82 | AC11: =W11+Z11 -> 0 | AD11: =AC11/AB11-1 -> -1 | AG11: =AF11/AE11-1 -> #DIV/0! | AH11: =AE11+AB11 -> 2896.82 | AI11: =AF11+AC11 -> 0 | AJ11: =AI11/AH11-1 -> -1 | AM11: =AL11/AK11-1 -> #DIV/0! | AN11: =AH11+AK11 -> 2896.82 | AO11: =AI11+AL11 -> 0 | AP11: =AO11/AN11-1 -> -1 | AS11: =AR11/AQ11-1 -> #DIV/0! | AT11: =AQ11+AN11 -> 2896.82 | AU11: =AR11+AO11 -> 0 | AV11: =AU11/AT11-1 -> -1 | AY11: =AX11/AW11-1 -> #DIV/0! | AZ11: =AW11+AT11 -> 2896.82 | BA11: =AX11+AU11 -> 0 | BB11: =BA11/AZ11-1 -> -1 | BE11: =BD11/BC11-1 -> #DIV/0! | BF11: =BC11+AZ11 -> 2896.82 | BG11: =BD11+BA11 -> 0 | BH11: =BG11/BF11-1 -> -1 | BK11: =BJ11/BI11-1 -> #DIV/0! | BL11: =BI11+BF11 -> 2896.82 | BM11: =BJ11+BG11 -> 0 | BN11: =BM11/BL11-1 -> -1 | BQ11: 2896.82 | BR11: =BM11/10000/I11 -> #DIV/0!
A12: 湖州 | B12: 湖州 | C12: 长兴小浙北家电（长兴县浙北家用电器有限公司） | D12: 经销 | E12: 经销 | F12: 长兴县 | G12: 长兴县 | H12: 张正芳 | I12: 15 | J12: 20000 | L12: =K12/J12-1 -> -1 | O12: =N12/M12-1 -> #DIV/0! | P12: =M12+J12 -> 20000 | Q12: =N12+K12 -> 0 | R12: =Q12/P12-1 -> -1 | S12: 30000 | U12: =T12/S12-1 -> -1 | V12: =S12+P12 -> 50000 | W12: =Q12+T12 -> 0 | X12: =W12/V12-1 -> -1 | AA12: =Z12/Y12-1 -> #DIV/0! | AB12: =V12+Y12 -> 50000 | AC12: =W12+Z12 -> 0 | AD12: =AC12/AB12-1 -> -1 | AG12: =AF12/AE12-1 -> #DIV/0! | AH12: =AE12+AB12 -> 50000 | AI12: =AF12+AC12 -> 0 | AJ12: =AI12/AH12-1 -> -1 | AL12: 6167 | AM12: =AL12/AK12-1 -> #DIV/0! | AN12: =AH12+AK12 -> 50000 | AO12: =AI12+AL12 -> 6167 | AP12: =AO12/AN12-1 -> -0.87666 | AS12: =AR12/AQ12-1 -> #DIV/0! | AT12: =AQ12+AN12 -> 50000 | AU12: =AR12+AO12 -> 6167 | AV12: =AU12/AT12-1 -> -0.87666 | AX12: 37.6 | AY12: =AX12/AW12-1 -> #DIV/0! | AZ12: =AW12+AT12 -> 50000 | BA12: =AX12+AU12 -> 6204.6 | BB12: =BA12/AZ12-1 -> -0.875908 | BD12: 30 | BE12: =BD12/BC12-1 -> #DIV/0! | BF12: =BC12+AZ12 -> 50000 | BG12: =BD12+BA12 -> 6234.6 | BH12: =BG12/BF12-1 -> -0.875308 | BI12: 9418 | BK12: =BJ12/BI12-1 -> -1 | BL12: =BI12+BF12 -> 59418 | BM12: =BJ12+BG12 -> 6234.6 | BN12: =BM12/BL12-1 -> -0.8950722 | BQ12: 59418 | BR12: =BM12/10000/I12 -> 0.041564
A13: 湖州 | B13: 湖州 | C13: 湖州东邦商贸有限公司 | D13: 经销 | E13: 经销 | F13: 长兴县 | G13: 长兴县 | H13: 张正芳 | I13: 30 | J13: 26400 | L13: =K13/J13-1 -> -1 | O13: =N13/M13-1 -> #DIV/0! | P13: =M13+J13 -> 26400 | Q13: =N13+K13 -> 0 | R13: =Q13/P13-1 -> -1 | S13: 72600 | U13: =T13/S13-1 -> -1 | V13: =S13+P13 -> 99000 | W13: =Q13+T13 -> 0 | X13: =W13/V13-1 -> -1 | AA13: =Z13/Y13-1 -> #DIV/0! | AB13: =V13+Y13 -> 99000 | AC13: =W13+Z13 -> 0 | AD13: =AC13/AB13-1 -> -1 | AG13: =AF13/AE13-1 -> #DIV/0! | AH13: =AE13+AB13 -> 99000 | AI13: =AF13+AC13 -> 0 | AJ13: =AI13/AH13-1 -> -1 | AM13: =AL13/AK13-1 -> #DIV/0! | AN13: =AH13+AK13 -> 99000 | AO13: =AI13+AL13 -> 0 | AP13: =AO13/AN13-1 -> -1 | AS13: =AR13/AQ13-1 -> #DIV/0! | AT13: =AQ13+AN13 -> 99000 | AU13: =AR13+AO13 -> 0 | AV13: =AU13/AT13-1 -> -1 | AW13: 10422 | AY13: =AX13/AW13-1 -> -1 | AZ13: =AW13+AT13 -> 109422 | BA13: =AX13+AU13 -> 0 | BB13: =BA13/AZ13-1 -> -1 | BE13: =BD13/BC13-1 -> #DIV/0! | BF13: =BC13+AZ13 -> 109422 | BG13: =BD13+BA13 -> 0 | BH13: =BG13/BF13-1 -> -1 | BK13: =BJ13/BI13-1 -> #DIV/0! | BL13: =BI13+BF13 -> 109422 | BM13: =BJ13+BG13 -> 0 | BN13: =BM13/BL13-1 -> -1 | BP13: 76431 | BQ13: 185853 | BR13: =BM13/10000/I13 -> 0
A14: 湖州 | B14: 湖州 | C14: 安吉方润家电有限公司 | D14: 经销 | E14: 经销 | F14: 安吉县 | G14: 安吉县 | H14: 陈中元 | J14: 3600 | L14: =K14/J14-1 -> -1 | O14: =N14/M14-1 -> #DIV/0! | P14: =M14+J14 -> 3600 | Q14: =N14+K14 -> 0 | R14: =Q14/P14-1 -> -1 | U14: =T14/S14-1 -> #DIV/0! | V14: =S14+P14 -> 3600 | W14: =Q14+T14 -> 0 | X14: =W14/V14-1 -> -1 | AA14: =Z14/Y14-1 -> #DIV/0! | AB14: =V14+Y14 -> 3600 | AC14: =W14+Z14 -> 0 | AD14: =AC14/AB14-1 -> -1 | AE14: 13074 | AG14: =AF14/AE14-1 -> -1 | AH14: =AE14+AB14 -> 16674 | AI14: =AF14+AC14 -> 0 | AJ14: =AI14/AH14-1 -> -1 | AM14: =AL14/AK14-1 -> #DIV/0! | AN14: =AH14+AK14 -> 16674 | AO14: =AI14+AL14 -> 0 | AP14: =AO14/AN14-1 -> -1 | AS14: =AR14/AQ14-1 -> #DIV/0! | AT14: =AQ14+AN14 -> 16674 | AU14: =AR14+AO14 -> 0 | AV14: =AU14/AT14-1 -> -1 | AY14: =AX14/AW14-1 -> #DIV/0! | AZ14: =AW14+AT14 -> 16674 | BA14: =AX14+AU14 -> 0 | BB14: =BA14/AZ14-1 -> -1 | BE14: =BD14/BC14-1 -> #DIV/0! | BF14: =BC14+AZ14 -> 16674 | BG14: =BD14+BA14 -> 0 | BH14: =BG14/BF14-1 -> -1 | BK14: =BJ14/BI14-1 -> #DIV/0! | BL14: =BI14+BF14 -> 16674 | BM14: =BJ14+BG14 -> 0 | BN14: =BM14/BL14-1 -> -1 | BQ14: 16674 | BR14: =BM14/10000/I14 -> #DIV/0!
A15: 湖州 | B15: 湖州 | C15: 湖州魁联电器有限公司 | D15: 经销 | E15: 经销 | F15: 长兴县 | G15: 长兴县 | H15: 张正芳 | L15: =K15/J15-1 -> #DIV/0! | O15: =N15/M15-1 -> #DIV/0! | P15: =M15+J15 -> 0 | Q15: =N15+K15 -> 0 | R15: =Q15/P15-1 -> #DIV/0! | U15: =T15/S15-1 -> #DIV/0! | V15: =S15+P15 -> 0 | W15: =Q15+T15 -> 0 | X15: =W15/V15-1 -> #DIV/0! | AA15: =Z15/Y15-1 -> #DIV/0! | AB15: =V15+Y15 -> 0 | AC15: =W15+Z15 -> 0 | AD15: =AC15/AB15-1 -> #DIV/0! | AG15: =AF15/AE15-1 -> #DIV/0! | AH15: =AE15+AB15 -> 0 | AI15: =AF15+AC15 -> 0 | AJ15: =AI15/AH15-1 -> #DIV/0! | AM15: =AL15/AK15-1 -> #DIV/0! | AN15: =AH15+AK15 -> 0 | AO15: =AI15+AL15 -> 0 | AP15: =AO15/AN15-1 -> #DIV/0! | AS15: =AR15/AQ15-1 -> #DIV/0! | AT15: =AQ15+AN15 -> 0 | AU15: =AR15+AO15 -> 0 | AV15: =AU15/AT15-1 -> #DIV/0! | AY15: =AX15/AW15-1 -> #DIV/0! | AZ15: =AW15+AT15 -> 0 | BA15: =AX15+AU15 -> 0 | BB15: =BA15/AZ15-1 -> #DIV/0! | BE15: =BD15/BC15-1 -> #DIV/0! | BF15: =BC15+AZ15 -> 0 | BG15: =BD15+BA15 -> 0 | BH15: =BG15/BF15-1 -> #DIV/0! | BK15: =BJ15/BI15-1 -> #DIV/0! | BL15: =BI15+BF15 -> 0 | BM15: =BJ15+BG15 -> 0 | BN15: =BM15/BL15-1 -> #DIV/0! | BP15: 5688 | BQ15: 5688 | BR15: =BM15/10000/I15 -> #DIV/0!
A16: 湖州 | B16: 湖州 | C16: 湖州菱通冷暖设备有限公司 | D16: 暖通 | E16: 暖通 | F16: 湖州市区 | G16: 吴兴区 | H16: 陈中元 | J16: 3107 | L16: =K16/J16-1 -> -1 | O16: =N16/M16-1 -> #DIV/0! | P16: =M16+J16 -> 3107 | Q16: =N16+K16 -> 0 | R16: =Q16/P16-1 -> -1 | U16: =T16/S16-1 -> #DIV/0! | V16: =S16+P16 -> 3107 | W16: =Q16+T16 -> 0 | X16: =W16/V16-1 -> -1 | Y16: 4335 | AA16: =Z16/Y16-1 -> -1 | AB16: =V16+Y16 -> 7442 | AC16: =W16+Z16 -> 0 | AD16: =AC16/AB16-1 -> -1 | AG16: =AF16/AE16-1 -> #DIV/0! | AH16: =AE16+AB16 -> 7442 | AI16: =AF16+AC16 -> 0 | AJ16: =AI16/AH16-1 -> -1 | AM16: =AL16/AK16-1 -> #DIV/0! | AN16: =AH16+AK16 -> 7442 | AO16: =AI16+AL16 -> 0 | AP16: =AO16/AN16-1 -> -1 | AS16: =AR16/AQ16-1 -> #DIV/0! | AT16: =AQ16+AN16 -> 7442 | AU16: =AR16+AO16 -> 0 | AV16: =AU16/AT16-1 -> -1 | AY16: =AX16/AW16-1 -> #DIV/0! | AZ16: =AW16+AT16 -> 7442 | BA16: =AX16+AU16 -> 0 | BB16: =BA16/AZ16-1 -> -1 | BE16: =BD16/BC16-1 -> #DIV/0! | BF16: =BC16+AZ16 -> 7442 | BG16: =BD16+BA16 -> 0 | BH16: =BG16/BF16-1 -> -1 | BK16: =BJ16/BI16-1 -> #DIV/0! | BL16: =BI16+BF16 -> 7442 | BM16: =BJ16+BG16 -> 0 | BN16: =BM16/BL16-1 -> -1 | BQ16: 7442 | BR16: =BM16/10000/I16 -> #DIV/0!
A17: 湖州 | B17: 湖州 | C17: 长兴纵跃机电有限公司 | D17: 经销 | E17: 经销 | F17: 长兴县 | G17: 长兴县 | H17: 张正芳 | J17: 4789 | L17: =K17/J17-1 -> -1 | O17: =N17/M17-1 -> #DIV/0! | P17: =M17+J17 -> 4789 | Q17: =N17+K17 -> 0 | R17: =Q17/P17-1 -> -1 | S17: 7800 | U17: =T17/S17-1 -> -1 | V17: =S17+P17 -> 12589 | W17: =Q17+T17 -> 0 | X17: =W17/V17-1 -> -1 | AA17: =Z17/Y17-1 -> #DIV/0! | AB17: =V17+Y17 -> 12589 | AC17: =W17+Z17 -> 0 | AD17: =AC17/AB17-1 -> -1 | AG17: =AF17/AE17-1 -> #DIV/0! | AH17: =AE17+AB17 -> 12589 | AI17: =AF17+AC17 -> 0 | AJ17: =AI17/AH17-1 -> -1 | AM17: =AL17/AK17-1 -> #DIV/0! | AN17: =AH17+AK17 -> 12589 | AO17: =AI17+AL17 -> 0 | AP17: =AO17/AN17-1 -> -1 | AS17: =AR17/AQ17-1 -> #DIV/0! | AT17: =AQ17+AN17 -> 12589 | AU17: =AR17+AO17 -> 0 | AV17: =AU17/AT17-1 -> -1 | AY17: =AX17/AW17-1 -> #DIV/0! | AZ17: =AW17+AT17 -> 12589 | BA17: =AX17+AU17 -> 0 | BB17: =BA17/AZ17-1 -> -1 | BE17: =BD17/BC17-1 -> #DIV/0! | BF17: =BC17+AZ17 -> 12589 | BG17: =BD17+BA17 -> 0 | BH17: =BG17/BF17-1 -> -1 | BK17: =BJ17/BI17-1 -> #DIV/0! | BL17: =BI17+BF17 -> 12589 | BM17: =BJ17+BG17 -> 0 | BN17: =BM17/BL17-1 -> -1 | BQ17: 12589 | BR17: =BM17/10000/I17 -> #DIV/0!
A18: 湖州 | B18: 湖州 | C18: 湖州浙北网格家电有限公司 | D18: 经销 | E18: 经销 | F18: 湖州市区 | G18: 市区 | H18: 翁昕 | J18: 10000 | L18: =K18/J18-1 -> -1 | N18: 30820 | O18: =N18/M18-1 -> #DIV/0! | P18: =M18+J18 -> 10000 | Q18: =N18+K18 -> 30820 | R18: =Q18/P18-1 -> 2.082 | T18: 9744 | U18: =T18/S18-1 -> #DIV/0! | V18: =S18+P18 -> 10000 | W18: =Q18+T18 -> 40564 | X18: =W18/V18-1 -> 3.0564 | AA18: =Z18/Y18-1 -> #DIV/0! | AB18: =V18+Y18 -> 10000 | AC18: =W18+Z18 -> 40564 | AD18: =AC18/AB18-1 -> 3.0564 | AF18: 32390 | AG18: =AF18/AE18-1 -> #DIV/0! | AH18: =AE18+AB18 -> 10000 | AI18: =AF18+AC18 -> 72954 | AJ18: =AI18/AH18-1 -> 6.2954 | AL18: 21149 | AM18: =AL18/AK18-1 -> #DIV/0! | AN18: =AH18+AK18 -> 10000 | AO18: =AI18+AL18 -> 94103 | AP18: =AO18/AN18-1 -> 8.4103 | AQ18: 24563 | AR18: 24595 | AS18: =AR18/AQ18-1 -> 0.0013027725 | AT18: =AQ18+AN18 -> 34563 | AU18: =AR18+AO18 -> 118698 | AV18: =AU18/AT18-1 -> 2.4342505 | AX18: 10998 | AY18: =AX18/AW18-1 -> #DIV/0! | AZ18: =AW18+AT18 -> 34563 | BA18: =AX18+AU18 -> 129696 | BB18: =BA18/AZ18-1 -> 2.752452 | BD18: 5664 | BE18: =BD18/BC18-1 -> #DIV/0! | BF18: =BC18+AZ18 -> 34563 | BG18: =BD18+BA18 -> 135360 | BH18: =BG18/BF18-1 -> 2.9163267 | BJ18: 24339 | BK18: =BJ18/BI18-1 -> #DIV/0! | BL18: =BI18+BF18 -> 34563 | BM18: =BJ18+BG18 -> 159699 | BN18: =BM18/BL18-1 -> 3.6205191 | BP18: 25066 | BQ18: 59629 | BR18: =BM18/10000/I18 -> #DIV/0!
A19: 湖州 | B19: 湖州 | C19: 湖州乐曜贸易有限公司 | D19: 经销 | E19: 经销 | F19: 湖州市区 | G19: 市区 | H19: 陈中元 | L19: =K19/J19-1 -> #DIV/0! | O19: =N19/M19-1 -> #DIV/0! | P19: =M19+J19 -> 0 | Q19: =N19+K19 -> 0 | R19: =Q19/P19-1 -> #DIV/0! | S19: 2962 | U19: =T19/S19-1 -> -1 | V19: =S19+P19 -> 2962 | W19: =Q19+T19 -> 0 | X19: =W19/V19-1 -> -1 | AA19: =Z19/Y19-1 -> #DIV/0! | AB19: =V19+Y19 -> 2962 | AC19: =W19+Z19 -> 0 | AD19: =AC19/AB19-1 -> -1 | AG19: =AF19/AE19-1 -> #DIV/0! | AH19: =AE19+AB19 -> 2962 | AI19: =AF19+AC19 -> 0 | AJ19: =AI19/AH19-1 -> -1 | AM19: =AL19/AK19-1 -> #DIV/0! | AN19: =AH19+AK19 -> 2962 | AO19: =AI19+AL19 -> 0 | AP19: =AO19/AN19-1 -> -1 | AS19: =AR19/AQ19-1 -> #DIV/0! | AT19: =AQ19+AN19 -> 2962 | AU19: =AR19+AO19 -> 0 | AV19: =AU19/AT19-1 -> -1 | AY19: =AX19/AW19-1 -> #DIV/0! | AZ19: =AW19+AT19 -> 2962 | BA19: =AX19+AU19 -> 0 | BB19: =BA19/AZ19-1 -> -1 | BE19: =BD19/BC19-1 -> #DIV/0! | BF19: =BC19+AZ19 -> 2962 | BG19: =BD19+BA19 -> 0 | BH19: =BG19/BF19-1 -> -1 | BK19: =BJ19/BI19-1 -> #DIV/0! | BL19: =BI19+BF19 -> 2962 | BM19: =BJ19+BG19 -> 0 | BN19: =BM19/BL19-1 -> -1 | BQ19: 2962 | BR19: =BM19/10000/I19 -> #DIV/0!
A20: 湖州 | B20: 湖州 | C20: 苏宁易购集团股份有限公司苏宁采购中心 | D20: 经销 | E20: 经销 | F20: 湖州市区 | G20: 市区 | H20: 陈中元 | L20: =K20/J20-1 -> #DIV/0! | N20: 1736.04 | O20: =N20/M20-1 -> #DIV/0! | P20: =M20+J20 -> 0 | Q20: =N20+K20 -> 1736.04 | R20: =Q20/P20-1 -> #DIV/0! | U20: =T20/S20-1 -> #DIV/0! | V20: =S20+P20 -> 0 | W20: =Q20+T20 -> 1736.04 | X20: =W20/V20-1 -> #DIV/0! | Z20: 3472.08 | AA20: =Z20/Y20-1 -> #DIV/0! | AB20: =V20+Y20 -> 0 | AC20: =W20+Z20 -> 5208.12 | AD20: =AC20/AB20-1 -> #DIV/0! | AG20: =AF20/AE20-1 -> #DIV/0! | AH20: =AE20+AB20 -> 0 | AI20: =AF20+AC20 -> 5208.12 | AJ20: =AI20/AH20-1 -> #DIV/0! | AM20: =AL20/AK20-1 -> #DIV/0! | AN20: =AH20+AK20 -> 0 | AO20: =AI20+AL20 -> 5208.12 | AP20: =AO20/AN20-1 -> #DIV/0! | AS20: =AR20/AQ20-1 -> #DIV/0! | AT20: =AQ20+AN20 -> 0 | AU20: =AR20+AO20 -> 5208.12 | AV20: =AU20/AT20-1 -> #DIV/0! | AW20: 11930.56 | AY20: =AX20/AW20-1 -> -1 | AZ20: =AW20+AT20 -> 11930.56 | BA20: =AX20+AU20 -> 5208.12 | BB20: =BA20/AZ20-1 -> -0.56346391 | BE20: =BD20/BC20-1 -> #DIV/0! | BF20: =BC20+AZ20 -> 11930.56 | BG20: =BD20+BA20 -> 5208.12 | BH20: =BG20/BF20-1 -> -0.56346391 | BI20: 2982.64 | BK20: =BJ20/BI20-1 -> -1 | BL20: =BI20+BF20 -> 14913.2 | BM20: =BJ20+BG20 -> 5208.12 | BN20: =BM20/BL20-1 -> -0.65077113 | BP20: 10047.32 | BQ20: 24960.52 | BR20: =BM20/10000/I20 -> #DIV/0!
A21: 湖州 | B21: 湖州 | C21: 湖州浔海电器销售有限公司 | D21: 经销 | E21: 经销 | F21: 南浔区 | G21: 市区 | H21: 陈中元 | I21: 60 | AF21: 116732 | AG21: =AF21/AE21-1 -> #DIV/0! | AH21: =AE21+AB21 -> 0 | AI21: =AF21+AC21 -> 116732 | AJ21: =AI21/AH21-1 -> #DIV/0! | AL21: 3088 | AM21: =AL21/AK21-1 -> #DIV/0! | AN21: =AH21+AK21 -> 0 | AO21: =AI21+AL21 -> 119820 | AP21: =AO21/AN21-1 -> #DIV/0! | AR21: 10000 | AS21: =AR21/AQ21-1 -> #DIV/0! | AT21: =AQ21+AN21 -> 0 | AU21: =AR21+AO21 -> 129820 | AV21: =AU21/AT21-1 -> #DIV/0! | AY21: =AX21/AW21-1 -> #DIV/0! | AZ21: =AW21+AT21 -> 0 | BA21: =AX21+AU21 -> 129820 | BB21: =BA21/AZ21-1 -> #DIV/0! | BD21: 2322 | BE21: =BD21/BC21-1 -> #DIV/0! | BF21: =BC21+AZ21 -> 0 | BG21: =BD21+BA21 -> 132142 | BH21: =BG21/BF21-1 -> #DIV/0! | BK21: =BJ21/BI21-1 -> #DIV/0! | BL21: =BI21+BF21 -> 0 | BM21: =BJ21+BG21 -> 132142 | BN21: =BM21/BL21-1 -> #DIV/0! | BR21: =BM21/10000/I21 -> 0.22023667
A22: 湖州 | B22: 湖州 | C22: 杭州中博智能电器有限公司 | D22: 家装 | E22: 家装 | F22: 湖州市区 | H22: 陈中元 | AL22: 3344 | AM22: =AL22/AK22-1 -> #DIV/0! | AN22: =AH22+AK22 -> 0 | AO22: =AI22+AL22 -> 3344 | AP22: =AO22/AN22-1 -> #DIV/0! | AS22: =AR22/AQ22-1 -> #DIV/0! | AT22: =AQ22+AN22 -> 0 | AU22: =AR22+AO22 -> 3344 | AV22: =AU22/AT22-1 -> #DIV/0! | AY22: =AX22/AW22-1 -> #DIV/0! | AZ22: =AW22+AT22 -> 0 | BA22: =AX22+AU22 -> 3344 | BB22: =BA22/AZ22-1 -> #DIV/0! | BE22: =BD22/BC22-1 -> #DIV/0! | BF22: =BC22+AZ22 -> 0 | BG22: =BD22+BA22 -> 3344 | BH22: =BG22/BF22-1 -> #DIV/0! | BK22: =BJ22/BI22-1 -> #DIV/0! | BL22: =BI22+BF22 -> 0 | BM22: =BJ22+BG22 -> 3344 | BN22: =BM22/BL22-1 -> #DIV/0! | BR22: =BM22/10000/I22 -> #DIV/0!
B23: 19 | C23: 汇总 | I23: =SUBTOTAL(9,I3:I22) -> 865 | J23: =SUBTOTAL(9,J3:J22) -> 578458.28 | K23: =SUBTOTAL(9,K3:K22) -> 474052 | L23: =K23/J23-1 -> -0.1804906 | M23: =SUBTOTAL(9,M3:M22) -> 382921 | N23: =SUBTOTAL(9,N3:N22) -> 390891.04 | O23: =N23/M23-1 -> 0.020813797 | P23: =SUBTOTAL(9,P3:P22) -> 961379.28 | Q23: =SUBTOTAL(9,Q3:Q22) -> 864943.04 | R23: =Q23/P23-1 -> -0.1003103 | S23: =SUBTOTAL(9,S3:S22) -> 427042.28 | T23: =SUBTOTAL(9,T3:T22) -> 414836.06 | U23: =T23/S23-1 -> -0.028583165 | V23: =SUBTOTAL(9,V3:V22) -> 1388421.6 | W23: =SUBTOTAL(9,W3:W22) -> 1279779.1 | X23: =W23/V23-1 -> -0.0782489 | Y23: =SUBTOTAL(9,Y3:Y22) -> 399949 | Z23: =SUBTOTAL(9,Z3:Z22) -> 411808.08 | AA23: =Z23/Y23-1 -> 0.029651481 | AB23: =SUBTOTAL(9,AB3:AB22) -> 1788370.6 | AC23: =SUBTOTAL(9,AC3:AC22) -> 1691587.2 | AD23: =AC23/AB23-1 -> -0.054118191 | AE23: =SUBTOTAL(9,AE3:AE22) -> 597544 | AF23: =SUBTOTAL(9,AF3:AF22) -> 404990 | AG23: =AF23/AE23-1 -> -0.32224238 | AH23: =SUBTOTAL(9,AH3:AH22) -> 2385914.6 | AI23: =SUBTOTAL(9,AI3:AI22) -> 2096577.2 | AJ23: =AI23/AH23-1 -> -0.12126896 | AK23: =SUBTOTAL(9,AK3:AK22) -> 442447 | AL23: =SUBTOTAL(9,AL3:AL22) -> 273945 | AM23: =AL23/AK23-1 -> -0.3808411 | AN23: =SUBTOTAL(9,AN3:AN22) -> 2828361.6 | AO23: =SUBTOTAL(9,AO3:AO22) -> 2370522.2 | AP23: =AO23/AN23-1 -> -0.16187442 | AQ23: =SUBTOTAL(9,AQ3:AQ22) -> 267076.26 | AR23: =SUBTOTAL(9,AR3:AR22) -> 314396 | AS23: =AR23/AQ23-1 -> 0.17717689 | AT23: =SUBTOTAL(9,AT3:AT22) -> 3095437.8 | AU23: =SUBTOTAL(9,AU3:AU22) -> 2684918.2 | AV23: =AU23/AT23-1 -> -0.13262086 | AW23: 297074.56 | AX23: =SUBTOTAL(9,AX3:AX22) -> 301382.6 | AY23: =AX23/AW23-1 -> 0.014501545 | AZ23: =SUBTOTAL(9,AZ3:AZ22) -> 3392512.4 | BA23: =SUBTOTAL(9,BA3:BA22) -> 2986300.8 | BB23: =BA23/AZ23-1 -> -0.11973769 | BC23: =SUBTOTAL(9,BC3:BC22) -> 493686.14 | BD23: =SUBTOTAL(9,BD3:BD22) -> 220016 | BE23: =BD23/BC23-1 -> -0.55434033 | BF23: =SUBTOTAL(9,BF3:BF22) -> 3886198.5 | BG23: =SUBTOTAL(9,BG3:BG22) -> 3206316.8 | BH23: =BG23/BF23-1 -> -0.17494776 | BI23: =SUBTOTAL(9,BI3:BI22) -> 594994.64 | BJ23: =SUBTOTAL(9,BJ3:BJ22) -> 196308 | BK23: =BJ23/BI23-1 -> -0.67006762 | BL23: =SUBTOTAL(9,BL3:BL22) -> 4481193.2 | BM23: =SUBTOTAL(9,BM3:BM22) -> 3402624.8 | BN23: =BM23/BL23-1 -> -0.24068777 | BO23: 779689 | BP23: 1367682.3 | BQ23: 6628564.5 | BR23: =BM23/10000/I23 -> 0.39336703

Sheet 嘉兴
C1: 系统门店 | D1: 渠道 | E1: 渠道细分 | F1: 区域 | G1: 市/区/县 | H1: 业务员 | I1: 合同任务 | J1: 1月 | L1: 同比 | M1: 2月 | O1: 同比 | P1: 1-2月 | R1: 同比 | S1: 3月 | U1: 同比 | V1: 1-3月 | X1: 同比 | Y1: 4月 | AA1: 同比 | AB1: 1-4月 | AD1: 同比 | AE1: 5月 | AG1: 同比 | AH1: 1-5月 | AJ1: 同比 | AK1: 6月 | AM1: 同比 | AN1: 1-6月 | AP1: 同比 | AQ1: 7月 | AS1: 同比 | AT1: 1-7月 | AV1: 同比 | AW1: 8月 | AY1: 同比 | AZ1: 1-8月 | BB1: 同比 | BC1: 9月 | BE1: 同比 | BF1: 1-9月 | BH1: 同比 | BI1: 10月 | BK1: 同比 | BL1: 1-10月 | BN1: 同比 | BO1: 11月 | BP1: 12月 | BQ1: 1-12月 | BR1: 合同完成率
J2: 2024年 | K2: 2025年 | M2: 2024年 | N2: 2025年 | P2: 2024年 | Q2: 2025年 | S2: 2024年 | T2: 2025年 | V2: 2024年 | W2: 2025年 | Y2: 2024年 | Z2: 2025年 | AB2: 2024年 | AC2: 2025年 | AE2: 2024年 | AF2: 2025年 | AH2: 2024年 | AI2: 2025年 | AK2: 2024年 | AL2: 2025年 | AN2: 2024年 | AO2: 2025年 | AQ2: 2024年 | AR2: 2025年 | AT2: 2024年 | AU2: 2025年 | AW2: 2024年 | AX2: 2025年 | AZ2: 2024年 | BA2: 2025年 | BC2: 2024年 | BD2: 2025年 | BF2: 2024年 | BG2: 2025年 | BI2: 2024年 | BJ2: 2025年 | BL2: 2024年 | BM2: 2025年 | BO2: 2024年 | BP2: 2024年 | BQ2: 2024年 | BS2: 24年场地费 | BT2: 25年场地费
A3: 嘉兴 | B3: 嘉兴 | C3: 海宁市华联大厦集团有限公司 | D3: TOP渠道 | E3: TOP渠道 | F3: 海宁市 | G3: 海宁市 | H3: 王军杰 | I3: 200 | K3: 300000 | L3: =K3/J3-1 -> #DIV/0! | M3: 300000 | O3: =N3/M3-1 -> -1 | P3: =M3+J3 -> 300000 | Q3: =N3+K3 -> 300000 | R3: =Q3/P3-1 -> 0 | T3: 600000 | U3: =T3/S3-1 -> #DIV/0! | V3: =S3+P3 -> 300000 | W3: =T3+Q3 -> 900000 | X3: =W3/V3-1 -> 2 | Y3: 300000 | AA3: =Z3/Y3-1 -> -1 | AB3: =Y3+V3 -> 600000 | AC3: =Z3+W3 -> 900000 | AD3: =AC3/AB3-1 -> 0.5 | AE3: 39300 | AF3: 39300 | AG3: =AF3/AE3-1 -> 0 | AH3: =AE3+AB3 -> 639300 | AI3: =AF3+AC3 -> 939300 | AJ3: =AI3/AH3-1 -> 0.46926326 | AK3: 200000 | AL3: 200000 | AM3: =AL3/AK3-1 -> 0 | AN3: =AK3+AH3 -> 839300 | AO3: =AL3+AI3 -> 1139300 | AP3: =AO3/AN3-1 -> 0.35744072 | AS3: =AR3/AQ3-1 -> #DIV/0! | AT3: =AQ3+AN3 -> 839300 | AU3: =AR3+AO3 -> 1139300 | AV3: =AU3/AT3-1 -> 0.35744072 | AY3: =AX3/AW3-1 -> #DIV/0! | AZ3: =AW3+AT3 -> 839300 | BA3: =AX3+AU3 -> 1139300 | BB3: =BA3/AZ3-1 -> 0.35744072 | BC3: 200000 | BE3: =BD3/BC3-1 -> -1 | BF3: =BC3+AZ3 -> 1039300 | BG3: =BD3+BA3 -> 1139300 | BH3: =BG3/BF3-1 -> 0.096218609 | BI3: 350000 | BJ3: 200000 | BK3: =BJ3/BI3-1 -> -0.42857143 | BL3: =BI3+BF3 -> 1389300 | BM3: =BJ3+BG3 -> 1339300 | BN3: =BM3/BL3-1 -> -0.035989347 | BO3: 200000 | BP3: 250000 | BQ3: 1839300 | BR3: =BM3/10000/I3 -> 0.66965 | BS3: 39300 | BT3: 39300
A4: 嘉兴 | B4: 嘉兴 | C4: 海宁市硖石程信节能电器商店 | D4: 加盟 | E4: 加盟 | F4: 海宁市 | G4: 海宁市 | H4: 王军杰 | I4: 200 | J4: 7100 | K4: 110026.5 | L4: =K4/J4-1 -> 14.49669 | N4: 51544.9 | O4: =N4/M4-1 -> #DIV/0! | P4: =M4+J4 -> 7100 | Q4: =N4+K4 -> 161571.4 | R4: =Q4/P4-1 -> 21.756535 | S4: 3268 | T4: 37269 | U4: =T4/S4-1 -> 10.404223 | V4: =S4+P4 -> 10368 | W4: =T4+Q4 -> 198840.4 | X4: =W4/V4-1 -> 18.178279 | Y4: 60000 | Z4: 54319 | AA4: =Z4/Y4-1 -> -0.094683333 | AB4: =Y4+V4 -> 70368 | AC4: =Z4+W4 -> 253159.4 | AD4: =AC4/AB4-1 -> 2.5976495 | AE4: 103268 | AF4: 50000 | AG4: =AF4/AE4-1 -> -0.51582291 | AH4: =AE4+AB4 -> 173636 | AI4: =AF4+AC4 -> 303159.4 | AJ4: =AI4/AH4-1 -> 0.74594784 | AK4: 100000 | AL4: =0.0300000000133878+72940 -> 72940.03 | AM4: =AL4/AK4-1 -> -0.2705997 | AN4: =AK4+AH4 -> 273636 | AO4: =AL4+AI4 -> 376099.43 | AP4: =AO4/AN4-1 -> 0.37445157 | AQ4: 12384 | AR4: 100000 | AS4: =AR4/AQ4-1 -> 7.0749354 | AT4: =AQ4+AN4 -> 286020 | AU4: =AR4+AO4 -> 476099.43 | AV4: =AU4/AT4-1 -> 0.66456692 | AW4: 29898 | AX4: =6605+20000 -> 26605 | AY4: =AX4/AW4-1 -> -0.11014115 | AZ4: =AW4+AT4 -> 315918 | BA4: =AX4+AU4 -> 502704.43 | BB4: =BA4/AZ4-1 -> 0.59124972 | BC4: 289254 | BD4: =5200+90834 -> 96034 | BE4: =BD4/BC4-1 -> -0.66799422 | BF4: =BC4+AZ4 -> 605172 | BG4: =BD4+BA4 -> 598738.43 | BH4: =BG4/BF4-1 -> -0.010630978 | BI4: 462240.91 | BJ4: 30000 | BK4: =BJ4/BI4-1 -> -0.93509878 | BL4: =BI4+BF4 -> 1067412.9 | BM4: =BJ4+BG4 -> 628738.43 | BN4: =BM4/BL4-1 -> -0.41096981 | BO4: 272413.9 | BP4: 262193 | BQ4: 1662323.8 | BR4: =BM4/10000/I4 -> 0.31436921 | BS4: 60304
A5: 嘉兴 | B5: 嘉兴 | C5: 嘉兴市戴梦得购物中心有限公司 | D5: 经销 | E5: TOP渠道 | F5: 嘉兴市区 | G5: 南湖区 | H5: 吴月芳 | I5: 40 | J5: 33624 | K5: 58693 | L5: =K5/J5-1 -> 0.74556864 | M5: 37151 | N5: 72815 | O5: =N5/M5-1 -> 0.95997416 | P5: =M5+J5 -> 70775 | Q5: =N5+K5 -> 131508 | R5: =Q5/P5-1 -> 0.85811374 | T5: 36035 | U5: =T5/S5-1 -> #DIV/0! | V5: =S5+P5 -> 70775 | W5: =T5+Q5 -> 167543 | X5: =W5/V5-1 -> 1.3672625 | Y5: 19532 | Z5: 12208 | AA5: =Z5/Y5-1 -> -0.3749744 | AB5: =Y5+V5 -> 90307 | AC5: =Z5+W5 -> 179751 | AD5: =AC5/AB5-1 -> 0.99044371 | AE5: 67757 | AF5: 21637 | AG5: =AF5/AE5-1 -> -0.68066768 | AH5: =AE5+AB5 -> 158064 | AI5: =AF5+AC5 -> 201388 | AJ5: =AI5/AH5-1 -> 0.27409151 | AK5: 15640 | AL5: =44135.91+18700 -> 62835.91 | AM5: =AL5/AK5-1 -> 3.0176413 | AN5: =AK5+AH5 -> 173704 | AO5: =AL5+AI5 -> 264223.91 | AP5: =AO5/AN5-1 -> 0.52111586 | AQ5: 63952 | AR5: 68402.09 | AS5: =AR5/AQ5-1 -> 0.069584845 | AT5: =AQ5+AN5 -> 237656 | AU5: =AR5+AO5 -> 332626 | AV5: =AU5/AT5-1 -> 0.3996112 | AW5: 39854 | AX5: 188073 | AY5: =AX5/AW5-1 -> 3.7190495 | AZ5: =AW5+AT5 -> 277510 | BA5: =AX5+AU5 -> 520699 | BB5: =BA5/AZ5-1 -> 0.87632518 | BC5: 15860 | BD5: 8158 | BE5: =BD5/BC5-1 -> -0.48562421 | BF5: =BC5+AZ5 -> 293370 | BG5: =BD5+BA5 -> 528857 | BH5: =BG5/BF5-1 -> 0.80269625 | BI5: 29786 | BK5: =BJ5/BI5-1 -> -1 | BL5: =BI5+BF5 -> 323156 | BM5: =BJ5+BG5 -> 528857 | BN5: =BM5/BL5-1 -> 0.63653777 | BO5: 54967 | BP5: 5141 | BQ5: 383264 | BR5: =BM5/10000/I5 -> 1.3221425 | BS5: 22700 | BT5: 18700
A6: 嘉兴 | B6: 嘉兴 | C6: 海宁市零壹家电有限公司 | D6: 经销 | E6: TOP渠道 | F6: 海宁市 | G6: 海宁市 | H6: 王军杰 | I6: 80 | K6: 80000 | L6: =K6/J6-1 -> #DIV/0! | N6: 110000 | O6: =N6/M6-1 -> #DIV/0! | P6: =M6+J6 -> 0 | Q6: =N6+K6 -> 190000 | R6: =Q6/P6-1 -> #DIV/0! | S6: 160000 | T6: 20000 | U6: =T6/S6-1 -> -0.875 | V6: =S6+P6 -> 160000 | W6: =T6+Q6 -> 210000 | X6: =W6/V6-1 -> 0.3125 | Z6: 30000 | AA6: =Z6/Y6-1 -> #DIV/0! | AB6: =Y6+V6 -> 160000 | AC6: =Z6+W6 -> 240000 | AD6: =AC6/AB6-1 -> 0.5 | AE6: 70000 | AF6: 80000 | AG6: =AF6/AE6-1 -> 0.14285714 | AH6: =AE6+AB6 -> 230000 | AI6: =AF6+AC6 -> 320000 | AJ6: =AI6/AH6-1 -> 0.39130435 | AK6: 80000 | AL6: 80000 | AM6: =AL6/AK6-1 -> 0 | AN6: =AK6+AH6 -> 310000 | AO6: =AL6+AI6 -> 400000 | AP6: =AO6/AN6-1 -> 0.29032258 | AQ6: 100000 | AR6: 60000 | AS6: =AR6/AQ6-1 -> -0.4 | AT6: =AQ6+AN6 -> 410000 | AU6: =AR6+AO6 -> 460000 | AV6: =AU6/AT6-1 -> 0.12195122 | AX6: 60000 | AY6: =AX6/AW6-1 -> #DIV/0! | AZ6: =AW6+AT6 -> 410000 | BA6: =AX6+AU6 -> 520000 | BB6: =BA6/AZ6-1 -> 0.26829268 | BC6: 100000 | BE6: =BD6/BC6-1 -> -1 | BF6: =BC6+AZ6 -> 510000 | BG6: =BD6+BA6 -> 520000 | BH6: =BG6/BF6-1 -> 0.019607843 | BI6: 110000 | BK6: =BJ6/BI6-1 -> -1 | BL6: =BI6+BF6 -> 620000 | BM6: =BJ6+BG6 -> 520000 | BN6: =BM6/BL6-1 -> -0.16129032 | BO6: 100000 | BP6: 100000 | BQ6: 820000 | BR6: =BM6/10000/I6 -> 0.65 | BS6: 20000 | BT6: 20000
A7: 嘉兴 | B7: 嘉兴 | C7: 平湖市汇达电器商行 | D7: 加盟 | E7: 加盟 | F7: 平湖市 | G7: 平湖市 | H7: 胡昊天 | I7: 200 | J7: 150726 | K7: 20575 | L7: =K7/J7-1 -> -0.86349402 | M7: 53331 | N7: -371.06 | O7: =N7/M7-1 -> -1.0069577 | P7: =M7+J7 -> 204057 | Q7: =N7+K7 -> 20203.94 | R7: =Q7/P7-1 -> -0.90098874 | S7: 35010 | T7: =8648+20304.6 -> 28952.6 | U7: =T7/S7-1 -> -0.17301914 | V7: =S7+P7 -> 239067 | W7: =T7+Q7 -> 49156.54 | X7: =W7/V7-1 -> -0.79438174 | Y7: 60312 | Z7: 32656 | AA7: =Z7/Y7-1 -> -0.45854888 | AB7: =Y7+V7 -> 299379 | AC7: =Z7+W7 -> 81812.54 | AD7: =AC7/AB7-1 -> -0.72672586 | AE7: 49398 | AF7: 105620 | AG7: =AF7/AE7-1 -> 1.1381432 | AH7: =AE7+AB7 -> 348777 | AI7: =AF7+AC7 -> 187432.54 | AJ7: =AI7/AH7-1 -> -0.46260063 | AK7: 91407 | AL7: =17340+11306 -> 28646 | AM7: =AL7/AK7-1 -> -0.68661043 | AN7: =AK7+AH7 -> 440184 | AO7: =AL7+AI7 -> 216078.54 | AP7: =AO7/AN7-1 -> -0.50911769 | AQ7: 102755 | AR7: 103214 | AS7: =AR7/AQ7-1 -> 0.0044669359 | AT7: =AQ7+AN7 -> 542939 | AU7: =AR7+AO7 -> 319292.54 | AV7: =AU7/AT7-1 -> -0.41191821 | AW7: 96945 | AX7: 78496 | AY7: =AX7/AW7-1 -> -0.19030378 | AZ7: =AW7+AT7 -> 639884 | BA7: =AX7+AU7 -> 397788.54 | BB7: =BA7/AZ7-1 -> -0.37834273 | BC7: 121278 | BD7: 144395 | BE7: =BD7/BC7-1 -> 0.19061165 | BF7: =BC7+AZ7 -> 761162 | BG7: =BD7+BA7 -> 542183.54 | BH7: =BG7/BF7-1 -> -0.28768969 | BI7: 269643.8 | BJ7: 50896 | BK7: =BJ7/BI7-1 -> -0.81124728 | BL7: =BI7+BF7 -> 1030805.8 | BM7: =BJ7+BG7 -> 593079.54 | BN7: =BM7/BL7-1 -> -0.42464474 | BO7: 186250.18 | BP7: 311638 | BQ7: 1601250 | BR7: =BM7/10000/I7 -> 0.29653977 | BS7: 72556
A8: 嘉兴 | B8: 嘉兴 | C8: 嘉兴纺工路专卖店 | D8: 直营 | E8: 直营 | F8: 嘉兴市区 | G8: 南湖区 | H8: 吴月芳 | I8: 130 | J8: 80554 | K8: 54160 | L8: =K8/J8-1 -> -0.32765598 | M8: 42545 | N8: 78703.5 | O8: =N8/M8-1 -> 0.84988835 | P8: =M8+J8 -> 123099 | Q8: =N8+K8 -> 132863.5 | R8: =Q8/P8-1 -> 0.079322334 | S8: 80322 | T8: 111622 | U8: =T8/S8-1 -> 0.38968153 | V8: =S8+P8 -> 203421 | W8: =T8+Q8 -> 244485.5 | X8: =W8/V8-1 -> 0.20186952 | Y8: 82245 | Z8: 108126.8 | AA8: =Z8/Y8-1 -> 0.31469147 | AB8: =Y8+V8 -> 285666 | AC8: =Z8+W8 -> 352612.3 | AD8: =AC8/AB8-1 -> 0.23435166 | AE8: 78688 | AF8: 62030 | AG8: =AF8/AE8-1 -> -0.21169683 | AH8: =AE8+AB8 -> 364354 | AI8: =AF8+AC8 -> 414642.3 | AJ8: =AI8/AH8-1 -> 0.13802044 | AK8: 102296 | AL8: 136503.8 | AM8: =AL8/AK8-1 -> 0.33440017 | AN8: =AK8+AH8 -> 466650 | AO8: =AL8+AI8 -> 551146.1 | AP8: =AO8/AN8-1 -> 0.18106954 | AQ8: 92823 | AR8: 49728.5 | AS8: =AR8/AQ8-1 -> -0.46426532 | AT8: =AQ8+AN8 -> 559473 | AU8: =AR8+AO8 -> 600874.6 | AV8: =AU8/AT8-1 -> 0.074001069 | AW8: 88958 | AX8: 111809 | AY8: =AX8/AW8-1 -> 0.25687403 | AZ8: =AW8+AT8 -> 648431 | BA8: =AX8+AU8 -> 712683.6 | BB8: =BA8/AZ8-1 -> 0.09908934 | BC8: 137424 | BD8: 82873 | BE8: =BD8/BC8-1 -> -0.39695395 | BF8: =BC8+AZ8 -> 785855 | BG8: =BD8+BA8 -> 795556.6 | BH8: =BG8/BF8-1 -> 0.01234528 | BI8: 145840 | BJ8: 123898 | BK8: =BJ8/BI8-1 -> -0.15045255 | BL8: =BI8+BF8 -> 931695 | BM8: =BJ8+BG8 -> 919454.6 | BN8: =BM8/BL8-1 -> -0.013137776 | BO8: 154297 | BP8: 217980 | BQ8: 1303972 | BR8: =BM8/10000/I8 -> 0.70727277
A9: 嘉兴 | B9: 嘉兴 | C9: 桐乡红星美凯龙直营店 | D9: 直营 | E9: 直营 | F9: 桐乡市 | G9: 桐乡市 | H9: 王军杰 | I9: 65 | J9: 41916 | K9: 10650 | L9: =K9/J9-1 -> -0.74592041 | M9: 17600 | N9: 18535.5 | O9: =N9/M9-1 -> 0.053153409 | P9: =M9+J9 -> 59516 | Q9: =N9+K9 -> 29185.5 | R9: =Q9/P9-1 -> -0.50961926 | S9: 56848.08 | T9: 58315 | U9: =T9/S9-1 -> 0.025804214 | V9: =S9+P9 -> 116364.08 | W9: =T9+Q9 -> 87500.5 | X9: =W9/V9-1 -> -0.24804544 | Y9: 37938 | Z9: 31440 | AA9: =Z9/Y9-1 -> -0.17127946 | AB9: =Y9+V9 -> 154302.08 | AC9: =Z9+W9 -> 118940.5 | AD9: =AC9/AB9-1 -> -0.22917112 | AE9: 39900 | AF9: 10279 | AG9: =AF9/AE9-1 -> -0.74238095 | AH9: =AE9+AB9 -> 194202.08 | AI9: =AF9+AC9 -> 129219.5 | AJ9: =AI9/AH9-1 -> -0.3346132 | AK9: 47460 | AL9: 52960 | AM9: =AL9/AK9-1 -> 0.11588706 | AN9: =AK9+AH9 -> 241662.08 | AO9: =AL9+AI9 -> 182179.5 | AP9: =AO9/AN9-1 -> -0.24613949 | AQ9: 30826 | AR9: 34290 | AS9: =AR9/AQ9-1 -> 0.11237267 | AT9: =AQ9+AN9 -> 272488.08 | AU9: =AR9+AO9 -> 216469.5 | AV9: =AU9/AT9-1 -> -0.20558176 | AW9: 36600 | AX9: 29003 | AY9: =AX9/AW9-1 -> -0.20756831 | AZ9: =AW9+AT9 -> 309088.08 | BA9: =AX9+AU9 -> 245472.5 | BB9: =BA9/AZ9-1 -> -0.205817 | BC9: 109530 | BD9: 14928 | BE9: =BD9/BC9-1 -> -0.86370857 | BF9: =BC9+AZ9 -> 418618.08 | BG9: =BD9+BA9 -> 260400.5 | BH9: =BG9/BF9-1 -> -0.37795209 | BI9: 64023 | BJ9: 12950 | BK9: =BJ9/BI9-1 -> -0.79772894 | BL9: =BI9+BF9 -> 482641.08 | BM9: =BJ9+BG9 -> 273350.5 | BN9: =BM9/BL9-1 -> -0.43363607 | BO9: 31190 | BP9: 89844 | BQ9: 603675.08 | BR9: =BM9/10000/I9 -> 0.42053923
A10: 嘉兴 | B10: 嘉兴 | C10: 嘉兴建陶市场直营专卖店 | D10: 直营 | E10: 直营 | F10: 嘉兴市区 | G10: 南湖区 | H10: 吴月芳 | I10: 60 | J10: 31309 | K10: 12344 | L10: =K10/J10-1 -> -0.60573637 | M10: 8041 | N10: 39230 | O10: =N10/M10-1 -> 3.8787464 | P10: =M10+J10 -> 39350 | Q10: =N10+K10 -> 51574 | R10: =Q10/P10-1 -> 0.31064803 | S10: 51695 | T10: 32386 | U10: =T10/S10-1 -> -0.37351775 | V10: =S10+P10 -> 91045 | W10: =T10+Q10 -> 83960 | X10: =W10/V10-1 -> -0.077818661 | Y10: 4856 | Z10: 40483 | AA10: =Z10/Y10-1 -> 7.3366969 | AB10: =Y10+V10 -> 95901 | AC10: =Z10+W10 -> 124443 | AD10: =AC10/AB10-1 -> 0.29761942 | AE10: 33328 | AF10: 15635 | AG10: =AF10/AE10-1 -> -0.53087494 | AH10: =AE10+AB10 -> 129229 | AI10: =AF10+AC10 -> 140078 | AJ10: =AI10/AH10-1 -> 0.083951745 | AK10: 33354 | AL10: =48669.1+684.9 -> 49354 | AM10: =AL10/AK10-1 -> 0.47970258 | AN10: =AK10+AH10 -> 162583 | AO10: =AL10+AI10 -> 189432 | AP10: =AO10/AN10-1 -> 0.16514027 | AQ10: 22540 | AR10: 18390 | AS10: =AR10/AQ10-1 -> -0.18411713 | AT10: =AQ10+AN10 -> 185123 | AU10: =AR10+AO10 -> 207822 | AV10: =AU10/AT10-1 -> 0.12261577 | AW10: 41491 | AX10: 14529 | AY10: =AX10/AW10-1 -> -0.64982767 | AZ10: =AW10+AT10 -> 226614 | BA10: =AX10+AU10 -> 222351 | BB10: =BA10/AZ10-1 -> -0.018811724 | BC10: 76840 | BD10: 15915 | BE10: =BD10/BC10-1 -> -0.79288131 | BF10: =BC10+AZ10 -> 303454 | BG10: =BD10+BA10 -> 238266 | BH10: =BG10/BF10-1 -> -0.21482004 | BI10: 26983 | BJ10: 7900 | BK10: =BJ10/BI10-1 -> -0.70722307 | BL10: =BI10+BF10 -> 330437 | BM10: =BJ10+BG10 -> 246166 | BN10: =BM10/BL10-1 -> -0.25502895 | BO10: 44507 | BP10: 64200 | BQ10: 439144 | BR10: =BM10/10000/I10 -> 0.41027667
A11: 嘉兴 | B11: 嘉兴 | C11: 桐乡凤鸣专卖店 | D11: 直营 | E11: 直营 | F11: 桐乡市 | G11: 桐乡市 | H11: 王军杰 | I11: 100 | J11: 81730 | K11: 39988 | L11: =K11/J11-1 -> -0.51073045 | M11: 45126 | N11: 13201 | O11: =N11/M11-1 -> -0.70746355 | P11: =M11+J11 -> 126856 | Q11: =N11+K11 -> 53189 | R11: =Q11/P11-1 -> -0.58071356 | S11: 43497 | T11: 21058 | U11: =T11/S11-1 -> -0.51587466 | V11: =S11+P11 -> 170353 | W11: =T11+Q11 -> 74247 | X11: =W11/V11-1 -> -0.56415795 | Y11: 94183 | Z11: 54727 | AA11: =Z11/Y11-1 -> -0.41892911 | AB11: =Y11+V11 -> 264536 | AC11: =Z11+W11 -> 128974 | AD11: =AC11/AB11-1 -> -0.51245199 | AE11: 76709 | AF11: 57103 | AG11: =AF11/AE11-1 -> -0.25558931 | AH11: =AE11+AB11 -> 341245 | AI11: =AF11+AC11 -> 186077 | AJ11: =AI11/AH11-1 -> -0.45471142 | AK11: 40780 | AL11: 114665 | AM11: =AL11/AK11-1 -> 1.811795 | AN11: =AK11+AH11 -> 382025 | AO11: =AL11+AI11 -> 300742 | AP11: =AO11/AN11-1 -> -0.2127688 | AQ11: 39027 | AR11: 67125 | AS11: =AR11/AQ11-1 -> 0.7199631 | AT11: =AQ11+AN11 -> 421052 | AU11: =AR11+AO11 -> 367867 | AV11: =AU11/AT11-1 -> -0.12631456 | AW11: 35395 | AX11: 12426 | AY11: =AX11/AW11-1 -> -0.64893347 | AZ11: =AW11+AT11 -> 456447 | BA11: =AX11+AU11 -> 380293 | BB11: =BA11/AZ11-1 -> -0.16684084 | BC11: 99849 | BD11: 55820 | BE11: =BD11/BC11-1 -> -0.44095584 | BF11: =BC11+AZ11 -> 556296 | BG11: =BD11+BA11 -> 436113 | BH11: =BG11/BF11-1 -> -0.21604146 | BI11: 150005 | BJ11: 33985 | BK11: =BJ11/BI11-1 -> -0.77344089 | BL11: =BI11+BF11 -> 706301 | BM11: =BJ11+BG11 -> 470098 | BN11: =BM11/BL11-1 -> -0.33442258 | BO11: 125373 | BP11: 146730 | BQ11: 978404 | BR11: =BM11/10000/I11 -> 0.470098
A12: 嘉兴 | B12: 嘉兴 | C12: 嘉善华东建材专卖店 | D12: 直营 | E12: 直营 | F12: 嘉善县 | G12: 嘉善县 | H12: 胡昊天 | I12: 60 | J12: 40400 | K12: 11976 | L12: =K12/J12-1 -> -0.70356436 | N12: 18243 | O12: =N12/M12-1 -> #DIV/0! | P12: =M12+J12 -> 40400 | Q12: =N12+K12 -> 30219 | R12: =Q12/P12-1 -> -0.25200495 | S12: 70354 | T12: 20557 | U12: =T12/S12-1 -> -0.70780624 | V12: =S12+P12 -> 110754 | W12: =T12+Q12 -> 50776 | X12: =W12/V12-1 -> -0.54154252 | Y12: 51905 | Z12: 28765 | AA12: =Z12/Y12-1 -> -0.44581447 | AB12: =Y12+V12 -> 162659 | AC12: =Z12+W12 -> 79541 | AD12: =AC12/AB12-1 -> -0.5109954 | AE12: 33354 | AF12: 28316 | AG12: =AF12/AE12-1 -> -0.15104635 | AH12: =AE12+AB12 -> 196013 | AI12: =AF12+AC12 -> 107857 | AJ12: =AI12/AH12-1 -> -0.44974568 | AK12: 35992 | AL12: 46365 | AM12: =AL12/AK12-1 -> 0.28820293 | AN12: =AK12+AH12 -> 232005 | AO12: =AL12+AI12 -> 154222 | AP12: =AO12/AN12-1 -> -0.33526433 | AQ12: 61052 | AR12: 39090.4 | AS12: =AR12/AQ12-1 -> -0.35971958 | AT12: =AQ12+AN12 -> 293057 | AU12: =AR12+AO12 -> 193312.4 | AV12: =AU12/AT12-1 -> -0.34035904 | AW12: 46235 | AX12: 23559 | AY12: =AX12/AW12-1 -> -0.49045096 | AZ12: =AW12+AT12 -> 339292 | BA12: =AX12+AU12 -> 216871.4 | BB12: =BA12/AZ12-1 -> -0.36081193 | BC12: 119225.17 | BD12: 24940 | BE12: =BD12/BC12-1 -> -0.79081598 | BF12: =BC12+AZ12 -> 458517.17 | BG12: =BD12+BA12 -> 241811.4 | BH12: =BG12/BF12-1 -> -0.47262302 | BI12: 89725 | BJ12: 19333 | BK12: =BJ12/BI12-1 -> -0.78453051 | BL12: =BI12+BF12 -> 548242.17 | BM12: =BJ12+BG12 -> 261144.4 | BN12: =BM12/BL12-1 -> -0.52366962 | BO12: 58495 | BP12: 53761 | BQ12: 708006.17 | BR12: =BM12/10000/I12 -> 0.43524067 | BS12: 47508
A13: 嘉兴 | B13: 嘉兴 | C13: 嘉兴百亿电器有限公司 | D13: 加盟 | E13: 加盟 | F13: 海盐县 | G13: 海盐县 | H13: 胡昊天 | I13: 100 | K13: 3 | L13: =K13/J13-1 -> #DIV/0! | O13: =N13/M13-1 -> #DIV/0! | P13: =M13+J13 -> 0 | Q13: =N13+K13 -> 3 | R13: =Q13/P13-1 -> #DIV/0! | S13: 40000 | U13: =T13/S13-1 -> -1 | V13: =S13+P13 -> 40000 | W13: =T13+Q13 -> 3 | X13: =W13/V13-1 -> -0.999925 | AA13: =Z13/Y13-1 -> #DIV/0! | AB13: =Y13+V13 -> 40000 | AC13: =Z13+W13 -> 3 | AD13: =AC13/AB13-1 -> -0.999925 | AE13: 80000 | AF13: 13300 | AG13: =AF13/AE13-1 -> -0.83375 | AH13: =AE13+AB13 -> 120000 | AI13: =AF13+AC13 -> 13303 | AJ13: =AI13/AH13-1 -> -0.88914167 | AL13: 63499 | AM13: =AL13/AK13-1 -> #DIV/0! | AN13: =AK13+AH13 -> 120000 | AO13: =AL13+AI13 -> 76802 | AP13: =AO13/AN13-1 -> -0.35998333 | AQ13: 35000 | AR13: 32380 | AS13: =AR13/AQ13-1 -> -0.074857143 | AT13: =AQ13+AN13 -> 155000 | AU13: =AR13+AO13 -> 109182 | AV13: =AU13/AT13-1 -> -0.2956 | AW13: 316 | AX13: 10000 | AY13: =AX13/AW13-1 -> 30.64557 | AZ13: =AW13+AT13 -> 155316 | BA13: =AX13+AU13 -> 119182 | BB13: =BA13/AZ13-1 -> -0.23264828 | BC13: 78510 | BD13: 30000 | BE13: =BD13/BC13-1 -> -0.61788307 | BF13: =BC13+AZ13 -> 233826 | BG13: =BD13+BA13 -> 149182 | BH13: =BG13/BF13-1 -> -0.36199567 | BI13: 140894 | BJ13: 50000 | BK13: =BJ13/BI13-1 -> -0.64512328 | BL13: =BI13+BF13 -> 374720 | BM13: =BJ13+BG13 -> 199182 | BN13: =BM13/BL13-1 -> -0.46845111 | BO13: 84652 | BP13: 183503 | BQ13: 691204 | BR13: =BM13/10000/I13 -> 0.199182 | BS13: 48329
A14: 嘉兴 | B14: 嘉兴 | C14: 桐乡市博诚电器有限公司 | D14: 经销 | E14: 经销 | F14: 桐乡市 | G14: 桐乡市 | H14: 王军杰 | I14: 6 | L14: =K14/J14-1 -> #DIV/0! | O14: =N14/M14-1 -> #DIV/0! | P14: =M14+J14 -> 0 | Q14: =N14+K14 -> 0 | R14: =Q14/P14-1 -> #DIV/0! | T14: 3330 | U14: =T14/S14-1 -> #DIV/0! | V14: =S14+P14 -> 0 | W14: =T14+Q14 -> 3330 | X14: =W14/V14-1 -> #DIV/0! | Z14: 4094 | AA14: =Z14/Y14-1 -> #DIV/0! | AB14: =Y14+V14 -> 0 | AC14: =Z14+W14 -> 7424 | AD14: =AC14/AB14-1 -> #DIV/0! | AG14: =AF14/AE14-1 -> #DIV/0! | AH14: =AE14+AB14 -> 0 | AI14: =AF14+AC14 -> 7424 | AJ14: =AI14/AH14-1 -> #DIV/0! | AL14: 17396 | AM14: =AL14/AK14-1 -> #DIV/0! | AN14: =AK14+AH14 -> 0 | AO14: =AL14+AI14 -> 24820 | AP14: =AO14/AN14-1 -> #DIV/0! | AQ14: 22632 | AS14: =AR14/AQ14-1 -> -1 | AT14: =AQ14+AN14 -> 22632 | AU14: =AR14+AO14 -> 24820 | AV14: =AU14/AT14-1 -> 0.096677271 | AY14: =AX14/AW14-1 -> #DIV/0! | AZ14: =AW14+AT14 -> 22632 | BA14: =AX14+AU14 -> 24820 | BB14: =BA14/AZ14-1 -> 0.096677271 | BC14: 5350 | BE14: =BD14/BC14-1 -> -1 | BF14: =BC14+AZ14 -> 27982 | BG14: =BD14+BA14 -> 24820 | BH14: =BG14/BF14-1 -> -0.11300122 | BI14: 9401 | BJ14: 3899 | BK14: =BJ14/BI14-1 -> -0.58525689 | BL14: =BI14+BF14 -> 37383 | BM14: =BJ14+BG14 -> 28719 | BN14: =BM14/BL14-1 -> -0.2317631 | BO14: 18114 | BP14: 2688 | BQ14: 58185 | BR14: =BM14/10000/I14 -> 0.47865
A15: 嘉兴 | B15: 嘉兴 | C15: 嘉兴市秀洲区王店金桥家电商店 | D15: 经销 | E15: 经销 | F15: 嘉兴市区 | G15: 秀洲区 | H15: 吴月芳 | I15: 3.2038 | K15: 3778 | L15: =K15/J15-1 -> #DIV/0! | O15: =N15/M15-1 -> #DIV/0! | P15: =M15+J15 -> 0 | Q15: =N15+K15 -> 3778 | R15: =Q15/P15-1 -> #DIV/0! | U15: =T15/S15-1 -> #DIV/0! | V15: =S15+P15 -> 0 | W15: =T15+Q15 -> 3778 | X15: =W15/V15-1 -> #DIV/0! | AA15: =Z15/Y15-1 -> #DIV/0! | AB15: =Y15+V15 -> 0 | AC15: =Z15+W15 -> 3778 | AD15: =AC15/AB15-1 -> #DIV/0! | AE15: 2594 | AG15: =AF15/AE15-1 -> -1 | AH15: =AE15+AB15 -> 2594 | AI15: =AF15+AC15 -> 3778 | AJ15: =AI15/AH15-1 -> 0.45643793 | AM15: =AL15/AK15-1 -> #DIV/0! | AN15: =AK15+AH15 -> 2594 | AO15: =AL15+AI15 -> 3778 | AP15: =AO15/AN15-1 -> 0.45643793 | AS15: =AR15/AQ15-1 -> #DIV/0! | AT15: =AQ15+AN15 -> 2594 | AU15: =AR15+AO15 -> 3778 | AV15: =AU15/AT15-1 -> 0.45643793 | AY15: =AX15/AW15-1 -> #DIV/0! | AZ15: =AW15+AT15 -> 2594 | BA15: =AX15+AU15 -> 3778 | BB15: =BA15/AZ15-1 -> 0.45643793 | BE15: =BD15/BC15-1 -> #DIV/0! | BF15: =BC15+AZ15 -> 2594 | BG15: =BD15+BA15 -> 3778 | BH15: =BG15/BF15-1 -> 0.45643793 | BK15: =BJ15/BI15-1 -> #DIV/0! | BL15: =BI15+BF15 -> 2594 | BM15: =BJ15+BG15 -> 3778 | BN15: =BM15/BL15-1 -> 0.45643793 | BO15: 10875 | BP15: 17745 | BQ15: 31214 | BR15: =BM15/10000/I15 -> 0.11792247
A16: 嘉兴 | B16: 嘉兴 | C16: 嘉兴市秀洲区新塍东庆家用电器商店 | D16: 经销 | E16: 经销 | F16: 嘉兴市区 | G16: 秀洲区 | H16: 吴月芳 | J16: 6012 | L16: =K16/J16-1 -> -1 | O16: =N16/M16-1 -> #DIV/0! | P16: =M16+J16 -> 6012 | Q16: =N16+K16 -> 0 | R16: =Q16/P16-1 -> -1 | T16: 4898 | U16: =T16/S16-1 -> #DIV/0! | V16: =S16+P16 -> 6012 | W16: =T16+Q16 -> 4898 | X16: =W16/V16-1 -> -0.18529607 | AA16: =Z16/Y16-1 -> #DIV/0! | AB16: =Y16+V16 -> 6012 | AC16: =Z16+W16 -> 4898 | AD16: =AC16/AB16-1 -> -0.18529607 | AE16: 3076 | AG16: =AF16/AE16-1 -> -1 | AH16: =AE16+AB16 -> 9088 | AI16: =AF16+AC16 -> 4898 | AJ16: =AI16/AH16-1 -> -0.46104754 | AK16: 3076 | AM16: =AL16/AK16-1 -> -1 | AN16: =AK16+AH16 -> 12164 | AO16: =AL16+AI16 -> 4898 | AP16: =AO16/AN16-1 -> -0.5973364 | AS16: =AR16/AQ16-1 -> #DIV/0! | AT16: =AQ16+AN16 -> 12164 | AU16: =AR16+AO16 -> 4898 | AV16: =AU16/AT16-1 -> -0.5973364 | AY16: =AX16/AW16-1 -> #DIV/0! | AZ16: =AW16+AT16 -> 12164 | BA16: =AX16+AU16 -> 4898 | BB16: =BA16/AZ16-1 -> -0.5973364 | BE16: =BD16/BC16-1 -> #DIV/0! | BF16: =BC16+AZ16 -> 12164 | BG16: =BD16+BA16 -> 4898 | BH16: =BG16/BF16-1 -> -0.5973364 | BK16: =BJ16/BI16-1 -> #DIV/0! | BL16: =BI16+BF16 -> 12164 | BM16: =BJ16+BG16 -> 4898 | BN16: =BM16/BL16-1 -> -0.5973364 | BQ16: 12164 | BR16: =BM16/10000/I16 -> #DIV/0!
A17: 嘉兴 | B17: 嘉兴 | C17: 嘉兴金蝶零售 | D17: 零售 | E17: 零售 | F17: 嘉兴市区 | G17: 市区 | H17: 零售 | J17: 63679.7 | K17: 24583 | L17: =K17/J17-1 -> -0.61395861 | M17: 31724 | N17: =51707.42 -> 51707.42 | O17: =N17/M17-1 -> 0.62991489 | P17: =M17+J17 -> 95403.7 | Q17: =N17+K17 -> 76290.42 | R17: =Q17/P17-1 -> -0.20034108 | S17: 16191 | T17: 15078 | U17: =T17/S17-1 -> -0.068741894 | V17: =S17+P17 -> 111594.7 | W17: =T17+Q17 -> 91368.42 | X17: =W17/V17-1 -> -0.18124768 | Y17: 75898.4 | Z17: 18492.96 | AA17: =Z17/Y17-1 -> -0.75634585 | AB17: =Y17+V17 -> 187493.1 | AC17: =Z17+W17 -> 109861.38 | AD17: =AC17/AB17-1 -> -0.41405108 | AE17: 15950 | AF17: 98516.3 | AG17: =AF17/AE17-1 -> 5.1765705 | AH17: =AE17+AB17 -> 203443.1 | AI17: =AF17+AC17 -> 208377.68 | AJ17: =AI17/AH17-1 -> 0.024255332 | AK17: 24245.1 | AL17: 82673.2 | AM17: =AL17/AK17-1 -> 2.4098931 | AN17: =AK17+AH17 -> 227688.2 | AO17: =AL17+AI17 -> 291050.88 | AP17: =AO17/AN17-1 -> 0.27828706 | AQ17: 67901 | AR17: 89412 | AS17: =AR17/AQ17-1 -> 0.31679946 | AT17: =AQ17+AN17 -> 295589.2 | AU17: =AR17+AO17 -> 380462.88 | AV17: =AU17/AT17-1 -> 0.2871339 | AW17: 61701 | AX17: 67262.72 | AY17: =AX17/AW17-1 -> 0.090139868 | AZ17: =AW17+AT17 -> 357290.2 | BA17: =AX17+AU17 -> 447725.6 | BB17: =BA17/AZ17-1 -> 0.2531147 | BC17: 8251.56 | BD17: 76510.6 | BE17: =BD17/BC17-1 -> 8.2722588 | BF17: =BC17+AZ17 -> 365541.76 | BG17: =BD17+BA17 -> 524236.2 | BH17: =BG17/BF17-1 -> 0.43413491 | BI17: 119844 | BJ17: 109216.46 | BK17: =BJ17/BI17-1 -> -0.088678115 | BL17: =BI17+BF17 -> 485385.76 | BM17: =BJ17+BG17 -> 633452.66 | BN17: =BM17/BL17-1 -> 0.30504995 | BO17: 114637.78 | BP17: 130779.56 | BQ17: 730803.1 | BR17: =BM17/10000/I17 -> #DIV/0!
A18: 嘉兴 | B18: 嘉兴 | C18: 嘉善县西塘镇物美家电商行 | D18: 经销 | E18: 经销 | F18: 嘉善县 | G18: 嘉善县 | H18: 胡昊天 | I18: 3 | L18: =K18/J18-1 -> #DIV/0! | O18: =N18/M18-1 -> #DIV/0! | P18: =M18+J18 -> 0 | Q18: =N18+K18 -> 0 | R18: =Q18/P18-1 -> #DIV/0! | U18: =T18/S18-1 -> #DIV/0! | V18: =S18+P18 -> 0 | W18: =T18+Q18 -> 0 | X18: =W18/V18-1 -> #DIV/0! | AA18: =Z18/Y18-1 -> #DIV/0! | AB18: =Y18+V18 -> 0 | AC18: =Z18+W18 -> 0 | AD18: =AC18/AB18-1 -> #DIV/0! | AE18: 12524 | AG18: =AF18/AE18-1 -> -1 | AH18: =AE18+AB18 -> 12524 | AI18: =AF18+AC18 -> 0 | AJ18: =AI18/AH18-1 -> -1 | AM18: =AL18/AK18-1 -> #DIV/0! | AN18: =AK18+AH18 -> 12524 | AO18: =AL18+AI18 -> 0 | AP18: =AO18/AN18-1 -> -1 | AS18: =AR18/AQ18-1 -> #DIV/0! | AT18: =AQ18+AN18 -> 12524 | AU18: =AR18+AO18 -> 0 | AV18: =AU18/AT18-1 -> -1 | AY18: =AX18/AW18-1 -> #DIV/0! | AZ18: =AW18+AT18 -> 12524 | BA18: =AX18+AU18 -> 0 | BB18: =BA18/AZ18-1 -> -1 | BD18: 7391 | BE18: =BD18/BC18-1 -> #DIV/0! | BF18: =BC18+AZ18 -> 12524 | BG18: =BD18+BA18 -> 7391 | BH18: =BG18/BF18-1 -> -0.40985308 | BK18: =BJ18/BI18-1 -> #DIV/0! | BL18: =BI18+BF18 -> 12524 | BM18: =BJ18+BG18 -> 7391 | BN18: =BM18/BL18-1 -> -0.40985308 | BQ18: 12524 | BR18: =BM18/10000/I18 -> 0.24636667
A19: 嘉兴 | B19: 嘉兴 | C19: 桐乡市三合电器有限公司 | D19: 经销 | E19: 经销 | F19: 桐乡市 | G19: 桐乡市 | H19: 王军杰 | I19: 1 | L19: =K19/J19-1 -> #DIV/0! | O19: =N19/M19-1 -> #DIV/0! | P19: =M19+J19 -> 0 | Q19: =N19+K19 -> 0 | R19: =Q19/P19-1 -> #DIV/0! | T19: 16948 | U19: =T19/S19-1 -> #DIV/0! | V19: =S19+P19 -> 0 | W19: =T19+Q19 -> 16948 | X19: =W19/V19-1 -> #DIV/0! | AA19: =Z19/Y19-1 -> #DIV/0! | AB19: =Y19+V19 -> 0 | AC19: =Z19+W19 -> 16948 | AD19: =AC19/AB19-1 -> #DIV/0! | AG19: =AF19/AE19-1 -> #DIV/0! | AH19: =AE19+AB19 -> 0 | AI19: =AF19+AC19 -> 16948 | AJ19: =AI19/AH19-1 -> #DIV/0! | AM19: =AL19/AK19-1 -> #DIV/0! | AN19: =AK19+AH19 -> 0 | AO19: =AL19+AI19 -> 16948 | AP19: =AO19/AN19-1 -> #DIV/0! | AS19: =AR19/AQ19-1 -> #DIV/0! | AT19: =AQ19+AN19 -> 0 | AU19: =AR19+AO19 -> 16948 | AV19: =AU19/AT19-1 -> #DIV/0! | AY19: =AX19/AW19-1 -> #DIV/0! | AZ19: =AW19+AT19 -> 0 | BA19: =AX19+AU19 -> 16948 | BB19: =BA19/AZ19-1 -> #DIV/0! | BC19: 5468 | BD19: 3081 | BE19: =BD19/BC19-1 -> -0.43653987 | BF19: =BC19+AZ19 -> 5468 | BG19: =BD19+BA19 -> 20029 | BH19: =BG19/BF19-1 -> 2.6629481 | BK19: =BJ19/BI19-1 -> #DIV/0! | BL19: =BI19+BF19 -> 5468 | BM19: =BJ19+BG19 -> 20029 | BN19: =BM19/BL19-1 -> 2.6629481 | BQ19: 5468 | BR19: =BM19/10000/I19 -> 2.0029
A20: 嘉兴 | B20: 嘉兴 | C20: 嘉兴市龙辰暖通工程有限公司 | D20: 暖通 | E20: 暖通 | F20: 嘉兴市区 | G20: 南湖区 | H20: 吴月芳 | J20: 18329 | L20: =K20/J20-1 -> -1 | O20: =N20/M20-1 -> #DIV/0! | P20: =M20+J20 -> 18329 | Q20: =N20+K20 -> 0 | R20: =Q20/P20-1 -> -1 | U20: =T20/S20-1 -> #DIV/0! | V20: =S20+P20 -> 18329 | W20: =T20+Q20 -> 0 | X20: =W20/V20-1 -> -1 | AA20: =Z20/Y20-1 -> #DIV/0! | AB20: =Y20+V20 -> 18329 | AC20: =Z20+W20 -> 0 | AD20: =AC20/AB20-1 -> -1 | AF20: 7953 | AG20: =AF20/AE20-1 -> #DIV/0! | AH20: =AE20+AB20 -> 18329 | AI20: =AF20+AC20 -> 7953 | AJ20: =AI20/AH20-1 -> -0.56609744 | AM20: =AL20/AK20-1 -> #DIV/0! | AN20: =AK20+AH20 -> 18329 | AO20: =AL20+AI20 -> 7953 | AP20: =AO20/AN20-1 -> -0.56609744 | AS20: =AR20/AQ20-1 -> #DIV/0! | AT20: =AQ20+AN20 -> 18329 | AU20: =AR20+AO20 -> 7953 | AV20: =AU20/AT20-1 -> -0.56609744 | AY20: =AX20/AW20-1 -> #DIV/0! | AZ20: =AW20+AT20 -> 18329 | BA20: =AX20+AU20 -> 7953 | BB20: =BA20/AZ20-1 -> -0.56609744 | BE20: =BD20/BC20-1 -> #DIV/0! | BF20: =BC20+AZ20 -> 18329 | BG20: =BD20+BA20 -> 7953 | BH20: =BG20/BF20-1 -> -0.56609744 | BK20: =BJ20/BI20-1 -> #DIV/0! | BL20: =BI20+BF20 -> 18329 | BM20: =BJ20+BG20 -> 7953 | BN20: =BM20/BL20-1 -> -0.56609744 | BP20: 7600 | BQ20: 25929 | BR20: =BM20/10000/I20 -> #DIV/0!
A21: 嘉兴 | B21: 嘉兴 | C21: 嘉兴市良盖电器有限公司 | D21: 暖通 | E21: 暖通 | F21: 嘉兴市区 | G21: 秀洲区 | H21: 吴月芳 | I21: 20 | K21: 17233 | L21: =K21/J21-1 -> #DIV/0! | N21: 12981 | O21: =N21/M21-1 -> #DIV/0! | P21: =M21+J21 -> 0 | Q21: =N21+K21 -> 30214 | R21: =Q21/P21-1 -> #DIV/0! | S21: 124460 | T21: 7918.9 | U21: =T21/S21-1 -> -0.93637394 | V21: =S21+P21 -> 124460 | W21: =T21+Q21 -> 38132.9 | X21: =W21/V21-1 -> -0.69361321 | Y21: 29545 | Z21: 12020 | AA21: =Z21/Y21-1 -> -0.59316297 | AB21: =Y21+V21 -> 154005 | AC21: =Z21+W21 -> 50152.9 | AD21: =AC21/AB21-1 -> -0.67434239 | AE21: 24819.5 | AF21: 50830.5 | AG21: =AF21/AE21-1 -> 1.0480066 | AH21: =AE21+AB21 -> 178824.5 | AI21: =AF21+AC21 -> 100983.4 | AJ21: =AI21/AH21-1 -> -0.43529326 | AK21: 96470.5 | AL21: 38001.3 | AM21: =AL21/AK21-1 -> -0.60608373 | AN21: =AK21+AH21 -> 275295 | AO21: =AL21+AI21 -> 138984.7 | AP21: =AO21/AN21-1 -> -0.49514267 | AQ21: 8402 | AR21: 20727 | AS21: =AR21/AQ21-1 -> 1.4669126 | AT21: =AQ21+AN21 -> 283697 | AU21: =AR21+AO21 -> 159711.7 | AV21: =AU21/AT21-1 -> -0.43703423 | AW21: 19946.5 | AX21: 11805 | AY21: =AX21/AW21-1 -> -0.40816685 | AZ21: =AW21+AT21 -> 303643.5 | BA21: =AX21+AU21 -> 171516.7 | BB21: =BA21/AZ21-1 -> -0.43513792 | BC21: 8356 | BD21: 14139 | BE21: =BD21/BC21-1 -> 0.69207755 | BF21: =BC21+AZ21 -> 311999.5 | BG21: =BD21+BA21 -> 185655.7 | BH21: =BG21/BF21-1 -> -0.40494873 | BI21: 6307 | BJ21: 15262 | BK21: =BJ21/BI21-1 -> 1.419851 | BL21: =BI21+BF21 -> 318306.5 | BM21: =BJ21+BG21 -> 200917.7 | BN21: =BM21/BL21-1 -> -0.36879171 | BO21: 7246 | BP21: 67344.7 | BQ21: 392897.2 | BR21: =BM21/10000/I21 -> 1.0045885
A22: 嘉兴 | B22: 嘉兴 | C22: 海盐县峰达建材店 | D22: 暖通 | E22: 暖通 | F22: 海盐县 | G22: 海盐县 | H22: 胡昊天 | I22: 10 | L22: =K22/J22-1 -> #DIV/0! | O22: =N22/M22-1 -> #DIV/0! | P22: =M22+J22 -> 0 | Q22: =N22+K22 -> 0 | R22: =Q22/P22-1 -> #DIV/0! | S22: 21714 | U22: =T22/S22-1 -> -1 | V22: =S22+P22 -> 21714 | W22: =T22+Q22 -> 0 | X22: =W22/V22-1 -> -1 | AA22: =Z22/Y22-1 -> #DIV/0! | AB22: =Y22+V22 -> 21714 | AC22: =Z22+W22 -> 0 | AD22: =AC22/AB22-1 -> -1 | AG22: =AF22/AE22-1 -> #DIV/0! | AH22: =AE22+AB22 -> 21714 | AI22: =AF22+AC22 -> 0 | AJ22: =AI22/AH22-1 -> -1 | AM22: =AL22/AK22-1 -> #DIV/0! | AN22: =AK22+AH22 -> 21714 | AO22: =AL22+AI22 -> 0 | AP22: =AO22/AN22-1 -> -1 | AS22: =AR22/AQ22-1 -> #DIV/0! | AT22: =AQ22+AN22 -> 21714 | AU22: =AR22+AO22 -> 0 | AV22: =AU22/AT22-1 -> -1 | AY22: =AX22/AW22-1 -> #DIV/0! | AZ22: =AW22+AT22 -> 21714 | BA22: =AX22+AU22 -> 0 | BB22: =BA22/AZ22-1 -> -1 | BC22: 8915 | BE22: =BD22/BC22-1 -> -1 | BF22: =BC22+AZ22 -> 30629 | BG22: =BD22+BA22 -> 0 | BH22: =BG22/BF22-1 -> -1 | BI22: 17830 | BK22: =BJ22/BI22-1 -> -1 | BL22: =BI22+BF22 -> 48459 | BM22: =BJ22+BG22 -> 0 | BN22: =BM22/BL22-1 -> -1 | BQ22: 48459 | BR22: =BM22/10000/I22 -> 0
A23: 嘉兴 | B23: 嘉兴 | C23: 海宁市马桥日兴电器商行 | D23: 经销 | E23: 经销 | F23: 海宁市 | G23: 海宁市 | H23: 王军杰 | L23: =K23/J23-1 -> #DIV/0! | O23: =N23/M23-1 -> #DIV/0! | P23: =M23+J23 -> 0 | Q23: =N23+K23 -> 0 | R23: =Q23/P23-1 -> #DIV/0! | U23: =T23/S23-1 -> #DIV/0! | V23: =S23+P23 -> 0 | W23: =T23+Q23 -> 0 | X23: =W23/V23-1 -> #DIV/0! | AA23: =Z23/Y23-1 -> #DIV/0! | AB23: =Y23+V23 -> 0 | AC23: =Z23+W23 -> 0 | AD23: =AC23/AB23-1 -> #DIV/0! | AG23: =AF23/AE23-1 -> #DIV/0! | AH23: =AE23+AB23 -> 0 | AI23: =AF23+AC23 -> 0 | AJ23: =AI23/AH23-1 -> #DIV/0! | AM23: =AL23/AK23-1 -> #DIV/0! | AN23: =AK23+AH23 -> 0 | AO23: =AL23+AI23 -> 0 | AP23: =AO23/AN23-1 -> #DIV/0! | AS23: =AR23/AQ23-1 -> #DIV/0! | AT23: =AQ23+AN23 -> 0 | AU23: =AR23+AO23 -> 0 | AV23: =AU23/AT23-1 -> #DIV/0! | AX23: 3899 | AY23: =AX23/AW23-1 -> #DIV/0! | AZ23: =AW23+AT23 -> 0 | BA23: =AX23+AU23 -> 3899 | BB23: =BA23/AZ23-1 -> #DIV/0! | BE23: =BD23/BC23-1 -> #DIV/0! | BF23: =BC23+AZ23 -> 0 | BG23: =BD23+BA23 -> 3899 | BH23: =BG23/BF23-1 -> #DIV/0! | BK23: =BJ23/BI23-1 -> #DIV/0! | BL23: =BI23+BF23 -> 0 | BM23: =BJ23+BG23 -> 3899 | BN23: =BM23/BL23-1 -> #DIV/0! | BO23: 3869 | BP23: 2691 | BQ23: 6560 | BR23: =BM23/10000/I23 -> #DIV/0!
A24: 嘉兴 | B24: 嘉兴 | C24: 桐乡市龙翔大晴天家电经营部 | D24: 经销 | E24: 经销 | F24: 桐乡市 | G24: 桐乡市 | H24: 王军杰 | I24: 10 | J24: 12044 | K24: 6050 | L24: =K24/J24-1 -> -0.49767519 | M24: 10316 | N24: 3090 | O24: =N24/M24-1 -> -0.7004653 | P24: =M24+J24 -> 22360 | Q24: =N24+K24 -> 9140 | R24: =Q24/P24-1 -> -0.59123435 | S24: 7072 | T24: 4140 | U24: =T24/S24-1 -> -0.41459276 | V24: =S24+P24 -> 29432 | W24: =T24+Q24 -> 13280 | X24: =W24/V24-1 -> -0.54879043 | Y24: 31886 | Z24: 6935 | AA24: =Z24/Y24-1 -> -0.78250643 | AB24: =Y24+V24 -> 61318 | AC24: =Z24+W24 -> 20215 | AD24: =AC24/AB24-1 -> -0.67032519 | AE24: 1760 | AF24: 2212 | AG24: =AF24/AE24-1 -> 0.25681818 | AH24: =AE24+AB24 -> 63078 | AI24: =AF24+AC24 -> 22427 | AJ24: =AI24/AH24-1 -> -0.64445607 | AK24: 2992 | AM24: =AL24/AK24-1 -> -1 | AN24: =AK24+AH24 -> 66070 | AO24: =AL24+AI24 -> 22427 | AP24: =AO24/AN24-1 -> -0.66055699 | AS24: =AR24/AQ24-1 -> #DIV/0! | AT24: =AQ24+AN24 -> 66070 | AU24: =AR24+AO24 -> 22427 | AV24: =AU24/AT24-1 -> -0.66055699 | AX24: 4139 | AY24: =AX24/AW24-1 -> #DIV/0! | AZ24: =AW24+AT24 -> 66070 | BA24: =AX24+AU24 -> 26566 | BB24: =BA24/AZ24-1 -> -0.59791131 | BE24: =BD24/BC24-1 -> #DIV/0! | BF24: =BC24+AZ24 -> 66070 | BG24: =BD24+BA24 -> 26566 | BH24: =BG24/BF24-1 -> -0.59791131 | BK24: =BJ24/BI24-1 -> #DIV/0! | BL24: =BI24+BF24 -> 66070 | BM24: =BJ24+BG24 -> 26566 | BN24: =BM24/BL24-1 -> -0.59791131 | BO24: 11104 | BP24: 15855 | BQ24: 93029 | BR24: =BM24/10000/I24 -> 0.26566
A25: 嘉兴 | B25: 嘉兴 | C25: 湖州浙北大厦家电有限公司（嘉兴） | D25: 经销 | E25: TOP渠道 | F25: 桐乡市 | G25: 桐乡市 | H25: 王军杰 | J25: 60000 | K25: =151700+20000 -> 171700 | L25: =K25/J25-1 -> 1.8616667 | M25: 50000 | N25: 101000 | O25: =N25/M25-1 -> 1.02 | P25: =M25+J25 -> 110000 | Q25: =N25+K25 -> 272700 | R25: =Q25/P25-1 -> 1.4790909 | S25: 30000 | T25: 97000 | U25: =T25/S25-1 -> 2.2333333 | V25: =S25+P25 -> 140000 | W25: =T25+Q25 -> 369700 | X25: =W25/V25-1 -> 1.6407143 | Y25: 170000 | Z25: 80000 | AA25: =Z25/Y25-1 -> -0.52941176 | AB25: =Y25+V25 -> 310000 | AC25: =Z25+W25 -> 449700 | AD25: =AC25/AB25-1 -> 0.45064516 | AE25: 60000 | AF25: 60000 | AG25: =AF25/AE25-1 -> 0 | AH25: =AE25+AB25 -> 370000 | AI25: =AF25+AC25 -> 509700 | AJ25: =AI25/AH25-1 -> 0.37756757 | AK25: 140000 | AL25: 110000 | AM25: =AL25/AK25-1 -> -0.21428571 | AN25: =AK25+AH25 -> 510000 | AO25: =AL25+AI25 -> 619700 | AP25: =AO25/AN25-1 -> 0.21509804 | AQ25: 60000 | AR25: 90000 | AS25: =AR25/AQ25-1 -> 0.5 | AT25: =AQ25+AN25 -> 570000 | AU25: =AR25+AO25 -> 709700 | AV25: =AU25/AT25-1 -> 0.24508772 | AW25: 85000 | AX25: 195000 | AY25: =AX25/AW25-1 -> 1.2941176 | AZ25: =AW25+AT25 -> 655000 | BA25: =AX25+AU25 -> 904700 | BB25: =BA25/AZ25-1 -> 0.38122137 | BC25: 24000 | BD25: 70000 | BE25: =BD25/BC25-1 -> 1.9166667 | BF25: =BC25+AZ25 -> 679000 | BG25: =BD25+BA25 -> 974700 | BH25: =BG25/BF25-1 -> 0.43549337 | BI25: 50000 | BJ25: =80000+20000 -> 100000 | BK25: =BJ25/BI25-1 -> 1 | BL25: =BI25+BF25 -> 729000 | BM25: =BJ25+BG25 -> 1074700 | BN25: =BM25/BL25-1 -> 0.47421125 | BO25: 300000 | BP25: 220000 | BQ25: 1249000 | BR25: =BM25/10000/I25 -> #DIV/0! | BT25: 20000
A26: 嘉兴 | B26: 嘉兴 | C26: 桐乡市崇福路驰电器商行 | D26: 经销 | E26: 经销 | F26: 桐乡市 | G26: 桐乡市 | H26: 王军杰 | I26: 0 | J26: 3332 | L26: =K26/J26-1 -> -1 | M26: 11794 | O26: =N26/M26-1 -> -1 | P26: =M26+J26 -> 15126 | Q26: =N26+K26 -> 0 | R26: =Q26/P26-1 -> -1 | S26: 4371 | U26: =T26/S26-1 -> -1 | V26: =S26+P26 -> 19497 | W26: =T26+Q26 -> 0 | X26: =W26/V26-1 -> -1 | Y26: 3765 | AA26: =Z26/Y26-1 -> -1 | AB26: =Y26+V26 -> 23262 | AC26: =Z26+W26 -> 0 | AD26: =AC26/AB26-1 -> -1 | AE26: 1887 | AG26: =AF26/AE26-1 -> -1 | AH26: =AE26+AB26 -> 25149 | AI26: =AF26+AC26 -> 0 | AJ26: =AI26/AH26-1 -> -1 | AM26: =AL26/AK26-1 -> #DIV/0! | AN26: =AK26+AH26 -> 25149 | AO26: =AL26+AI26 -> 0 | AP26: =AO26/AN26-1 -> -1 | AS26: =AR26/AQ26-1 -> #DIV/0! | AT26: =AQ26+AN26 -> 25149 | AU26: =AR26+AO26 -> 0 | AV26: =AU26/AT26-1 -> -1 | AY26: =AX26/AW26-1 -> #DIV/0! | AZ26: =AW26+AT26 -> 25149 | BA26: =AX26+AU26 -> 0 | BB26: =BA26/AZ26-1 -> -1 | BE26: =BD26/BC26-1 -> #DIV/0! | BF26: =BC26+AZ26 -> 25149 | BG26: =BD26+BA26 -> 0 | BH26: =BG26/BF26-1 -> -1 | BK26: =BJ26/BI26-1 -> #DIV/0! | BL26: =BI26+BF26 -> 25149 | BM26: =BJ26+BG26 -> 0 | BN26: =BM26/BL26-1 -> -1 | BQ26: 25149 | BR26: =BM26/10000/I26 -> #DIV/0!
A27: 嘉兴 | B27: 嘉兴 | C27: 海宁巨工暖通设备有限公司 | D27: 暖通 | E27: 暖通 | F27: 海宁市 | G27: 海宁市 | H27: 王军杰 | I27: 4.8748 | J27: 10328 | L27: =K27/J27-1 -> -1 | O27: =N27/M27-1 -> #DIV/0! | P27: =M27+J27 -> 10328 | Q27: =N27+K27 -> 0 | R27: =Q27/P27-1 -> -1 | U27: =T27/S27-1 -> #DIV/0! | V27: =S27+P27 -> 10328 | W27: =T27+Q27 -> 0 | X27: =W27/V27-1 -> -1 | Y27: 9494 | AA27: =Z27/Y27-1 -> -1 | AB27: =Y27+V27 -> 19822 | AC27: =Z27+W27 -> 0 | AD27: =AC27/AB27-1 -> -1 | AE27: 10328 | AG27: =AF27/AE27-1 -> -1 | AH27: =AE27+AB27 -> 30150 | AI27: =AF27+AC27 -> 0 | AJ27: =AI27/AH27-1 -> -1 | AM27: =AL27/AK27-1 -> #DIV/0! | AN27: =AK27+AH27 -> 30150 | AO27: =AL27+AI27 -> 0 | AP27: =AO27/AN27-1 -> -1 | AS27: =AR27/AQ27-1 -> #DIV/0! | AT27: =AQ27+AN27 -> 30150 | AU27: =AR27+AO27 -> 0 | AV27: =AU27/AT27-1 -> -1 | AX27: 10328 | AY27: =AX27/AW27-1 -> #DIV/0! | AZ27: =AW27+AT27 -> 30150 | BA27: =AX27+AU27 -> 10328 | BB27: =BA27/AZ27-1 -> -0.6574461 | BE27: =BD27/BC27-1 -> #DIV/0! | BF27: =BC27+AZ27 -> 30150 | BG27: =BD27+BA27 -> 10328 | BH27: =BG27/BF27-1 -> -0.6574461 | BJ27: 2400 | BK27: =BJ27/BI27-1 -> #DIV/0! | BL27: =BI27+BF27 -> 30150 | BM27: =BJ27+BG27 -> 12728 | BN27: =BM27/BL27-1 -> -0.57784411 | BP27: 20656 | BQ27: 50806 | BR27: =BM27/10000/I27 -> 0.26109789
A28: 嘉兴 | B28: 嘉兴 | C28: 海宁市许村镇小吴家电经营部 | D28: 经销 | E28: 经销 | F28: 海宁市 | G28: 海宁市 | H28: 王军杰 | I28: 3 | L28: =K28/J28-1 -> #DIV/0! | O28: =N28/M28-1 -> #DIV/0! | P28: =M28+J28 -> 0 | Q28: =N28+K28 -> 0 | R28: =Q28/P28-1 -> #DIV/0! | S28: 8707 | U28: =T28/S28-1 -> -1 | V28: =S28+P28 -> 8707 | W28: =T28+Q28 -> 0 | X28: =W28/V28-1 -> -1 | Y28: 2224 | AA28: =Z28/Y28-1 -> -1 | AB28: =Y28+V28 -> 10931 | AC28: =Z28+W28 -> 0 | AD28: =AC28/AB28-1 -> -1 | AE28: 3539 | AG28: =AF28/AE28-1 -> -1 | AH28: =AE28+AB28 -> 14470 | AI28: =AF28+AC28 -> 0 | AJ28: =AI28/AH28-1 -> -1 | AM28: =AL28/AK28-1 -> #DIV/0! | AN28: =AK28+AH28 -> 14470 | AO28: =AL28+AI28 -> 0 | AP28: =AO28/AN28-1 -> -1 | AS28: =AR28/AQ28-1 -> #DIV/0! | AT28: =AQ28+AN28 -> 14470 | AU28: =AR28+AO28 -> 0 | AV28: =AU28/AT28-1 -> -1 | AY28: =AX28/AW28-1 -> #DIV/0! | AZ28: =AW28+AT28 -> 14470 | BA28: =AX28+AU28 -> 0 | BB28: =BA28/AZ28-1 -> -1 | BD28: 6445 | BE28: =BD28/BC28-1 -> #DIV/0! | BF28: =BC28+AZ28 -> 14470 | BG28: =BD28+BA28 -> 6445 | BH28: =BG28/BF28-1 -> -0.55459572 | BK28: =BJ28/BI28-1 -> #DIV/0! | BL28: =BI28+BF28 -> 14470 | BM28: =BJ28+BG28 -> 6445 | BN28: =BM28/BL28-1 -> -0.55459572 | BO28: 5716 | BQ28: 20186 | BR28: =BM28/10000/I28 -> 0.21483333
A29: 嘉兴 | B29: 嘉兴 | C29: 平湖市汇升暖通建材商行 | D29: 暖通 | E29: 暖通 | F29: 平湖市 | G29: 平湖市 | H29: 胡昊天 | I29: 10 | J29: 35619 | L29: =K29/J29-1 -> -1 | O29: =N29/M29-1 -> #DIV/0! | P29: =M29+J29 -> 35619 | Q29: =N29+K29 -> 0 | R29: =Q29/P29-1 -> -1 | U29: =T29/S29-1 -> #DIV/0! | V29: =S29+P29 -> 35619 | W29: =T29+Q29 -> 0 | X29: =W29/V29-1 -> -1 | AA29: =Z29/Y29-1 -> #DIV/0! | AB29: =Y29+V29 -> 35619 | AC29: =Z29+W29 -> 0 | AD29: =AC29/AB29-1 -> -1 | AG29: =AF29/AE29-1 -> #DIV/0! | AH29: =AE29+AB29 -> 35619 | AI29: =AF29+AC29 -> 0 | AJ29: =AI29/AH29-1 -> -1 | AM29: =AL29/AK29-1 -> #DIV/0! | AN29: =AK29+AH29 -> 35619 | AO29: =AL29+AI29 -> 0 | AP29: =AO29/AN29-1 -> -1 | AS29: =AR29/AQ29-1 -> #DIV/0! | AT29: =AQ29+AN29 -> 35619 | AU29: =AR29+AO29 -> 0 | AV29: =AU29/AT29-1 -> -1 | AY29: =AX29/AW29-1 -> #DIV/0! | AZ29: =AW29+AT29 -> 35619 | BA29: =AX29+AU29 -> 0 | BB29: =BA29/AZ29-1 -> -1 | BE29: =BD29/BC29-1 -> #DIV/0! | BF29: =BC29+AZ29 -> 35619 | BG29: =BD29+BA29 -> 0 | BH29: =BG29/BF29-1 -> -1 | BK29: =BJ29/BI29-1 -> #DIV/0! | BL29: =BI29+BF29 -> 35619 | BM29: =BJ29+BG29 -> 0 | BN29: =BM29/BL29-1 -> -1 | BQ29: 35619 | BR29: =BM29/10000/I29 -> 0
A30: 嘉兴 | B30: 嘉兴 | C30: 上海大暖机电工程有限公司嘉兴分公司 | D30: 暖通 | E30: 暖通 | F30: 嘉善县 | G30: 嘉善县 | H30: 吴月芳 | I30: 30 | J30: 32882 | K30: 36829 | L30: =K30/J30-1 -> 0.12003528 | O30: =N30/M30-1 -> #DIV/0! | P30: =M30+J30 -> 32882 | Q30: =N30+K30 -> 36829 | R30: =Q30/P30-1 -> 0.12003528 | S30: 4598 | U30: =T30/S30-1 -> -1 | V30: =S30+P30 -> 37480 | W30: =T30+Q30 -> 36829 | X30: =W30/V30-1 -> -0.017369264 | Y30: 63078 | Z30: 10328 | AA30: =Z30/Y30-1 -> -0.83626621 | AB30: =Y30+V30 -> 100558 | AC30: =Z30+W30 -> 47157 | AD30: =AC30/AB30-1 -> -0.53104676 | AE30: 9859 | AF30: 4068 | AG30: =AF30/AE30-1 -> -0.58738209 | AH30: =AE30+AB30 -> 110417 | AI30: =AF30+AC30 -> 51225 | AJ30: =AI30/AH30-1 -> -0.53607687 | AK30: 3868 | AM30: =AL30/AK30-1 -> -1 | AN30: =AK30+AH30 -> 114285 | AO30: =AL30+AI30 -> 51225 | AP30: =AO30/AN30-1 -> -0.55177845 | AS30: =AR30/AQ30-1 -> #DIV/0! | AT30: =AQ30+AN30 -> 114285 | AU30: =AR30+AO30 -> 51225 | AV30: =AU30/AT30-1 -> -0.55177845 | AY30: =AX30/AW30-1 -> #DIV/0! | AZ30: =AW30+AT30 -> 114285 | BA30: =AX30+AU30 -> 51225 | BB30: =BA30/AZ30-1 -> -0.55177845 | BE30: =BD30/BC30-1 -> #DIV/0! | BF30: =BC30+AZ30 -> 114285 | BG30: =BD30+BA30 -> 51225 | BH30: =BG30/BF30-1 -> -0.55177845 | BI30: 10000 | BJ30: 15227 | BK30: =BJ30/BI30-1 -> 0.5227 | BL30: =BI30+BF30 -> 124285 | BM30: =BJ30+BG30 -> 66452 | BN30: =BM30/BL30-1 -> -0.46532566 | BO30: 4742 | BQ30: 129027 | BR30: =BM30/10000/I30 -> 0.22150667
A31: 嘉兴 | B31: 嘉兴 | C31: 嘉兴爱建暖通工程有限公司 | D31: 暖通 | E31: 暖通 | F31: 嘉兴市区 | G31: 南湖区 | H31: 吴月芳 | I31: 0 | L31: =K31/J31-1 -> #DIV/0! | O31: =N31/M31-1 -> #DIV/0! | P31: =M31+J31 -> 0 | Q31: =N31+K31 -> 0 | R31: =Q31/P31-1 -> #DIV/0! | U31: =T31/S31-1 -> #DIV/0! | V31: =S31+P31 -> 0 | W31: =T31+Q31 -> 0 | X31: =W31/V31-1 -> #DIV/0! | AA31: =Z31/Y31-1 -> #DIV/0! | AB31: =Y31+V31 -> 0 | AC31: =Z31+W31 -> 0 | AD31: =AC31/AB31-1 -> #DIV/0! | AG31: =AF31/AE31-1 -> #DIV/0! | AH31: =AE31+AB31 -> 0 | AI31: =AF31+AC31 -> 0 | AJ31: =AI31/AH31-1 -> #DIV/0! | AM31: =AL31/AK31-1 -> #DIV/0! | AN31: =AK31+AH31 -> 0 | AO31: =AL31+AI31 -> 0 | AP31: =AO31/AN31-1 -> #DIV/0! | AS31: =AR31/AQ31-1 -> #DIV/0! | AT31: =AQ31+AN31 -> 0 | AU31: =AR31+AO31 -> 0 | AV31: =AU31/AT31-1 -> #DIV/0! | AY31: =AX31/AW31-1 -> #DIV/0! | AZ31: =AW31+AT31 -> 0 | BA31: =AX31+AU31 -> 0 | BB31: =BA31/AZ31-1 -> #DIV/0! | BE31: =BD31/BC31-1 -> #DIV/0! | BF31: =BC31+AZ31 -> 0 | BG31: =BD31+BA31 -> 0 | BH31: =BG31/BF31-1 -> #DIV/0! | BK31: =BJ31/BI31-1 -> #DIV/0! | BL31: =BI31+BF31 -> 0 | BM31: =BJ31+BG31 -> 0 | BN31: =BM31/BL31-1 -> #DIV/0! | BO31: 18239 | BP31: 18239 | BQ31: 36478 | BR31: =BM31/10000/I31 -> #DIV/0!
A32: 嘉兴 | B32: 嘉兴 | C32: 浙江铭品装饰工程有限公司嘉兴分公司 | D32: 家装 | E32: 家装 | F32: 嘉兴市区 | G32: 南湖区 | H32: 吴月芳 | I32: 0 | J32: 2780 | L32: =K32/J32-1 -> -1 | O32: =N32/M32-1 -> #DIV/0! | P32: =M32+J32 -> 2780 | Q32: =N32+K32 -> 0 | R32: =Q32/P32-1 -> -1 | U32: =T32/S32-1 -> #DIV/0! | V32: =S32+P32 -> 2780 | W32: =T32+Q32 -> 0 | X32: =W32/V32-1 -> -1 | AA32: =Z32/Y32-1 -> #DIV/0! | AB32: =Y32+V32 -> 2780 | AC32: =Z32+W32 -> 0 | AD32: =AC32/AB32-1 -> -1 | AG32: =AF32/AE32-1 -> #DIV/0! | AH32: =AE32+AB32 -> 2780 | AI32: =AF32+AC32 -> 0 | AJ32: =AI32/AH32-1 -> -1 | AK32: 2594 | AM32: =AL32/AK32-1 -> -1 | AN32: =AK32+AH32 -> 5374 | AO32: =AL32+AI32 -> 0 | AP32: =AO32/AN32-1 -> -1 | AS32: =AR32/AQ32-1 -> #DIV/0! | AT32: =AQ32+AN32 -> 5374 | AU32: =AR32+AO32 -> 0 | AV32: =AU32/AT32-1 -> -1 | AY32: =AX32/AW32-1 -> #DIV/0! | AZ32: =AW32+AT32 -> 5374 | BA32: =AX32+AU32 -> 0 | BB32: =BA32/AZ32-1 -> -1 | BE32: =BD32/BC32-1 -> #DIV/0! | BF32: =BC32+AZ32 -> 5374 | BG32: =BD32+BA32 -> 0 | BH32: =BG32/BF32-1 -> -1 | BK32: =BJ32/BI32-1 -> #DIV/0! | BL32: =BI32+BF32 -> 5374 | BM32: =BJ32+BG32 -> 0 | BN32: =BM32/BL32-1 -> -1 | BP32: 2594 | BQ32: 7968 | BR32: =BM32/10000/I32 -> #DIV/0!
A33: 嘉兴 | B33: 嘉兴 | C33: 嘉兴赛威机电设备有限公司 | D33: 暖通 | E33: 暖通 | F33: 嘉善县 | G33: 嘉善县 | H33: 胡昊天 | I33: 10 | L33: =K33/J33-1 -> #DIV/0! | M33: 16642 | O33: =N33/M33-1 -> -1 | P33: =M33+J33 -> 16642 | Q33: =N33+K33 -> 0 | R33: =Q33/P33-1 -> -1 | T33: 1857 | U33: =T33/S33-1 -> #DIV/0! | V33: =S33+P33 -> 16642 | W33: =T33+Q33 -> 1857 | X33: =W33/V33-1 -> -0.88841485 | Y33: 10388 | AA33: =Z33/Y33-1 -> -1 | AB33: =Y33+V33 -> 27030 | AC33: =Z33+W33 -> 1857 | AD33: =AC33/AB33-1 -> -0.93129856 | AE33: 2624 | AG33: =AF33/AE33-1 -> -1 | AH33: =AE33+AB33 -> 29654 | AI33: =AF33+AC33 -> 1857 | AJ33: =AI33/AH33-1 -> -0.93737776 | AM33: =AL33/AK33-1 -> #DIV/0! | AN33: =AK33+AH33 -> 29654 | AO33: =AL33+AI33 -> 1857 | AP33: =AO33/AN33-1 -> -0.93737776 | AS33: =AR33/AQ33-1 -> #DIV/0! | AT33: =AQ33+AN33 -> 29654 | AU33: =AR33+AO33 -> 1857 | AV33: =AU33/AT33-1 -> -0.93737776 | AY33: =AX33/AW33-1 -> #DIV/0! | AZ33: =AW33+AT33 -> 29654 | BA33: =AX33+AU33 -> 1857 | BB33: =BA33/AZ33-1 -> -0.93737776 | BE33: =BD33/BC33-1 -> #DIV/0! | BF33: =BC33+AZ33 -> 29654 | BG33: =BD33+BA33 -> 1857 | BH33: =BG33/BF33-1 -> -0.93737776 | BI33: 11543 | BK33: =BJ33/BI33-1 -> -1 | BL33: =BI33+BF33 -> 41197 | BM33: =BJ33+BG33 -> 1857 | BN33: =BM33/BL33-1 -> -0.9549239 | BQ33: 41197 | BR33: =BM33/10000/I33 -> 0.01857
A34: 嘉兴 | B34: 嘉兴 | C34: 嘉兴市汇银电器有限公司 | D34: 经销 | E34: 经销 | F34: 嘉兴市区 | G34: 秀洲区 | H34: 吴月芳 | I34: 0 | L34: =K34/J34-1 -> #DIV/0! | O34: =N34/M34-1 -> #DIV/0! | P34: =M34+J34 -> 0 | Q34: =N34+K34 -> 0 | R34: =Q34/P34-1 -> #DIV/0! | U34: =T34/S34-1 -> #DIV/0! | V34: =S34+P34 -> 0 | W34: =T34+Q34 -> 0 | X34: =W34/V34-1 -> #DIV/0! | AA34: =Z34/Y34-1 -> #DIV/0! | AB34: =Y34+V34 -> 0 | AC34: =Z34+W34 -> 0 | AD34: =AC34/AB34-1 -> #DIV/0! | AG34: =AF34/AE34-1 -> #DIV/0! | AH34: =AE34+AB34 -> 0 | AI34: =AF34+AC34 -> 0 | AJ34: =AI34/AH34-1 -> #DIV/0! | AM34: =AL34/AK34-1 -> #DIV/0! | AN34: =AK34+AH34 -> 0 | AO34: =AL34+AI34 -> 0 | AP34: =AO34/AN34-1 -> #DIV/0! | AS34: =AR34/AQ34-1 -> #DIV/0! | AT34: =AQ34+AN34 -> 0 | AU34: =AR34+AO34 -> 0 | AV34: =AU34/AT34-1 -> #DIV/0! | AY34: =AX34/AW34-1 -> #DIV/0! | AZ34: =AW34+AT34 -> 0 | BA34: =AX34+AU34 -> 0 | BB34: =BA34/AZ34-1 -> #DIV/0! | BE34: =BD34/BC34-1 -> #DIV/0! | BF34: =BC34+AZ34 -> 0 | BG34: =BD34+BA34 -> 0 | BH34: =BG34/BF34-1 -> #DIV/0! | BI34: 30000 | BK34: =BJ34/BI34-1 -> -1 | BL34: =BI34+BF34 -> 30000 | BM34: =BJ34+BG34 -> 0 | BN34: =BM34/BL34-1 -> -1 | BQ34: 30000 | BR34: =BM34/10000/I34 -> #DIV/0!
A35: 嘉兴 | B35: 嘉兴 | C35: 圣都家居装饰有限公司海宁分公司 | D35: 家装 | E35: 家装 | F35: 海宁市 | G35: 海宁市 | H35: 王军杰 | I35: 10 | L35: =K35/J35-1 -> #DIV/0! | O35: =N35/M35-1 -> #DIV/0! | P35: =M35+J35 -> 0 | Q35: =N35+K35 -> 0 | R35: =Q35/P35-1 -> #DIV/0! | T35: -4080 | U35: =T35/S35-1 -> #DIV/0! | V35: =S35+P35 -> 0 | W35: =T35+Q35 -> -4080 | X35: =W35/V35-1 -> #DIV/0! | AA35: =Z35/Y35-1 -> #DIV/0! | AB35: =Y35+V35 -> 0 | AC35: =Z35+W35 -> -4080 | AD35: =AC35/AB35-1 -> #DIV/0! | AF35: -720 | AG35: =AF35/AE35-1 -> #DIV/0! | AH35: =AE35+AB35 -> 0 | AI35: =AF35+AC35 -> -4800 | AJ35: =AI35/AH35-1 -> #DIV/0! | AK35: 8991 | AM35: =AL35/AK35-1 -> -1 | AN35: =AK35+AH35 -> 8991 | AO35: =AL35+AI35 -> -4800 | AP35: =AO35/AN35-1 -> -1.5338672 | AS35: =AR35/AQ35-1 -> #DIV/0! | AT35: =AQ35+AN35 -> 8991 | AU35: =AR35+AO35 -> -4800 | AV35: =AU35/AT35-1 -> -1.5338672 | AY35: =AX35/AW35-1 -> #DIV/0! | AZ35: =AW35+AT35 -> 8991 | BA35: =AX35+AU35 -> -4800 | BB35: =BA35/AZ35-1 -> -1.5338672 | BC35: 4800 | BD35: 4597 | BE35: =BD35/BC35-1 -> -0.042291667 | BF35: =BC35+AZ35 -> 13791 | BG35: =BD35+BA35 -> -203 | BH35: =BG35/BF35-1 -> -1.0147197 | BK35: =BJ35/BI35-1 -> #DIV/0! | BL35: =BI35+BF35 -> 13791 | BM35: =BJ35+BG35 -> -203 | BN35: =BM35/BL35-1 -> -1.0147197 | BP35: 10235 | BQ35: 24026 | BR35: =BM35/10000/I35 -> -0.00203
A36: 嘉兴 | B36: 嘉兴 | C36: 梧桐鼎立家用电器商行 | D36: 经销 | E36: 经销 | F36: 桐乡市 | G36: 桐乡市 | H36: 王军杰 | I36: 0 | J36: 31502 | L36: =K36/J36-1 -> -1 | O36: =N36/M36-1 -> #DIV/0! | P36: =M36+J36 -> 31502 | Q36: =N36+K36 -> 0 | R36: =Q36/P36-1 -> -1 | S36: 72790 | U36: =T36/S36-1 -> -1 | V36: =S36+P36 -> 104292 | W36: =T36+Q36 -> 0 | X36: =W36/V36-1 -> -1 | Y36: 5831 | AA36: =Z36/Y36-1 -> -1 | AB36: =Y36+V36 -> 110123 | AC36: =Z36+W36 -> 0 | AD36: =AC36/AB36-1 -> -1 | AG36: =AF36/AE36-1 -> #DIV/0! | AH36: =AE36+AB36 -> 110123 | AI36: =AF36+AC36 -> 0 | AJ36: =AI36/AH36-1 -> -1 | AK36: 605 | AM36: =AL36/AK36-1 -> -1 | AN36: =AK36+AH36 -> 110728 | AO36: =AL36+AI36 -> 0 | AP36: =AO36/AN36-1 -> -1 | AQ36: 1655 | AS36: =AR36/AQ36-1 -> -1 | AT36: =AQ36+AN36 -> 112383 | AU36: =AR36+AO36 -> 0 | AV36: =AU36/AT36-1 -> -1 | AW36: 8510 | AY36: =AX36/AW36-1 -> -1 | AZ36: =AW36+AT36 -> 120893 | BA36: =AX36+AU36 -> 0 | BB36: =BA36/AZ36-1 -> -1 | BC36: 4861 | BE36: =BD36/BC36-1 -> -1 | BF36: =BC36+AZ36 -> 125754 | BG36: =BD36+BA36 -> 0 | BH36: =BG36/BF36-1 -> -1 | BK36: =BJ36/BI36-1 -> #DIV/0! | BL36: =BI36+BF36 -> 125754 | BM36: =BJ36+BG36 -> 0 | BN36: =BM36/BL36-1 -> -1 | BO36: -72790 | BP36: 9560 | BQ36: 62524 | BR36: =BM36/10000/I36 -> #DIV/0!
A37: 嘉兴 | B37: 嘉兴 | C37: 嘉兴市凯昇暖通工程有限公司 | D37: 暖通 | E37: 暖通 | F37: 嘉兴市区 | G37: 南湖区 | H37: 吴月芳 | I37: 0 | L37: =K37/J37-1 -> #DIV/0! | O37: =N37/M37-1 -> #DIV/0! | P37: =M37+J37 -> 0 | Q37: =N37+K37 -> 0 | R37: =Q37/P37-1 -> #DIV/0! | U37: =T37/S37-1 -> #DIV/0! | V37: =S37+P37 -> 0 | W37: =T37+Q37 -> 0 | X37: =W37/V37-1 -> #DIV/0! | Y37: 9523 | AA37: =Z37/Y37-1 -> -1 | AB37: =Y37+V37 -> 9523 | AC37: =Z37+W37 -> 0 | AD37: =AC37/AB37-1 -> -1 | AG37: =AF37/AE37-1 -> #DIV/0! | AH37: =AE37+AB37 -> 9523 | AI37: =AF37+AC37 -> 0 | AJ37: =AI37/AH37-1 -> -1 | AK37: 15368 | AM37: =AL37/AK37-1 -> -1 | AN37: =AK37+AH37 -> 24891 | AO37: =AL37+AI37 -> 0 | AP37: =AO37/AN37-1 -> -1 | AS37: =AR37/AQ37-1 -> #DIV/0! | AT37: =AQ37+AN37 -> 24891 | AU37: =AR37+AO37 -> 0 | AV37: =AU37/AT37-1 -> -1 | AY37: =AX37/AW37-1 -> #DIV/0! | AZ37: =AW37+AT37 -> 24891 | BA37: =AX37+AU37 -> 0 | BB37: =BA37/AZ37-1 -> -1 | BD37: 5519 | BE37: =BD37/BC37-1 -> #DIV/0! | BF37: =BC37+AZ37 -> 24891 | BG37: =BD37+BA37 -> 5519 | BH37: =BG37/BF37-1 -> -0.77827327 | BK37: =BJ37/BI37-1 -> #DIV/0! | BL37: =BI37+BF37 -> 24891 | BM37: =BJ37+BG37 -> 5519 | BN37: =BM37/BL37-1 -> -0.77827327 | BQ37: 24891 | BR37: =BM37/10000/I37 -> #DIV/0!
A38: 嘉兴 | B38: 嘉兴 | C38: 桐乡市百宏家电有限公司 | D38: 经销 | E38: 经销 | F38: 桐乡市 | G38: 桐乡市 | H38: 王军杰 | I38: 1 | L38: =K38/J38-1 -> #DIV/0! | O38: =N38/M38-1 -> #DIV/0! | P38: =M38+J38 -> 0 | Q38: =N38+K38 -> 0 | R38: =Q38/P38-1 -> #DIV/0! | S38: 3210 | U38: =T38/S38-1 -> -1 | V38: =S38+P38 -> 3210 | W38: =T38+Q38 -> 0 | X38: =W38/V38-1 -> -1 | AA38: =Z38/Y38-1 -> #DIV/0! | AB38: =Y38+V38 -> 3210 | AC38: =Z38+W38 -> 0 | AD38: =AC38/AB38-1 -> -1 | AG38: =AF38/AE38-1 -> #DIV/0! | AH38: =AE38+AB38 -> 3210 | AI38: =AF38+AC38 -> 0 | AJ38: =AI38/AH38-1 -> -1 | AM38: =AL38/AK38-1 -> #DIV/0! | AN38: =AK38+AH38 -> 3210 | AO38: =AL38+AI38 -> 0 | AP38: =AO38/AN38-1 -> -1 | AS38: =AR38/AQ38-1 -> #DIV/0! | AT38: =AQ38+AN38 -> 3210 | AU38: =AR38+AO38 -> 0 | AV38: =AU38/AT38-1 -> -1 | AY38: =AX38/AW38-1 -> #DIV/0! | AZ38: =AW38+AT38 -> 3210 | BA38: =AX38+AU38 -> 0 | BB38: =BA38/AZ38-1 -> -1 | BE38: =BD38/BC38-1 -> #DIV/0! | BF38: =BC38+AZ38 -> 3210 | BG38: =BD38+BA38 -> 0 | BH38: =BG38/BF38-1 -> -1 | BK38: =BJ38/BI38-1 -> #DIV/0! | BL38: =BI38+BF38 -> 3210 | BM38: =BJ38+BG38 -> 0 | BN38: =BM38/BL38-1 -> -1 | BP38: 3919 | BQ38: 7129 | BR38: =BM38/10000/I38 -> 0
A39: 嘉兴 | B39: 嘉兴 | C39: 嘉兴市勇信暖通设备有限公司 | D39: 暖通 | E39: 暖通 | F39: 桐乡市 | G39: 桐乡市 | H39: 王军杰 | I39: 2 | L39: =K39/J39-1 -> #DIV/0! | O39: =N39/M39-1 -> #DIV/0! | P39: =M39+J39 -> 0 | Q39: =N39+K39 -> 0 | R39: =Q39/P39-1 -> #DIV/0! | U39: =T39/S39-1 -> #DIV/0! | V39: =S39+P39 -> 0 | W39: =T39+Q39 -> 0 | X39: =W39/V39-1 -> #DIV/0! | AA39: =Z39/Y39-1 -> #DIV/0! | AB39: =Y39+V39 -> 0 | AC39: =Z39+W39 -> 0 | AD39: =AC39/AB39-1 -> #DIV/0! | AG39: =AF39/AE39-1 -> #DIV/0! | AH39: =AE39+AB39 -> 0 | AI39: =AF39+AC39 -> 0 | AJ39: =AI39/AH39-1 -> #DIV/0! | AM39: =AL39/AK39-1 -> #DIV/0! | AN39: =AK39+AH39 -> 0 | AO39: =AL39+AI39 -> 0 | AP39: =AO39/AN39-1 -> #DIV/0! | AS39: =AR39/AQ39-1 -> #DIV/0! | AT39: =AQ39+AN39 -> 0 | AU39: =AR39+AO39 -> 0 | AV39: =AU39/AT39-1 -> #DIV/0! | AY39: =AX39/AW39-1 -> #DIV/0! | AZ39: =AW39+AT39 -> 0 | BA39: =AX39+AU39 -> 0 | BB39: =BA39/AZ39-1 -> #DIV/0! | BE39: =BD39/BC39-1 -> #DIV/0! | BF39: =BC39+AZ39 -> 0 | BG39: =BD39+BA39 -> 0 | BH39: =BG39/BF39-1 -> #DIV/0! | BK39: =BJ39/BI39-1 -> #DIV/0! | BL39: =BI39+BF39 -> 0 | BM39: =BJ39+BG39 -> 0 | BN39: =BM39/BL39-1 -> #DIV/0! | BP39: 14090 | BQ39: 14090 | BR39: =BM39/10000/I39 -> 0
A40: 嘉兴 | B40: 嘉兴 | C40: 上海集美楼宇设备有限公司嘉兴分公司 | D40: 暖通 | E40: 暖通 | F40: 嘉兴市区 | G40: 南湖区 | H40: 吴月芳 | I40: 4 | K40: 18040 | L40: =K40/J40-1 -> #DIV/0! | O40: =N40/M40-1 -> #DIV/0! | P40: =M40+J40 -> 0 | Q40: =N40+K40 -> 18040 | R40: =Q40/P40-1 -> #DIV/0! | T40: 18354 | U40: =T40/S40-1 -> #DIV/0! | V40: =S40+P40 -> 0 | W40: =T40+Q40 -> 36394 | X40: =W40/V40-1 -> #DIV/0! | Y40: 20720 | AA40: =Z40/Y40-1 -> -1 | AB40: =Y40+V40 -> 20720 | AC40: =Z40+W40 -> 36394 | AD40: =AC40/AB40-1 -> 0.75646718 | AE40: -1100 | AG40: =AF40/AE40-1 -> -1 | AH40: =AE40+AB40 -> 19620 | AI40: =AF40+AC40 -> 36394 | AJ40: =AI40/AH40-1 -> 0.85494393 | AM40: =AL40/AK40-1 -> #DIV/0! | AN40: =AK40+AH40 -> 19620 | AO40: =AL40+AI40 -> 36394 | AP40: =AO40/AN40-1 -> 0.85494393 | AS40: =AR40/AQ40-1 -> #DIV/0! | AT40: =AQ40+AN40 -> 19620 | AU40: =AR40+AO40 -> 36394 | AV40: =AU40/AT40-1 -> 0.85494393 | AY40: =AX40/AW40-1 -> #DIV/0! | AZ40: =AW40+AT40 -> 19620 | BA40: =AX40+AU40 -> 36394 | BB40: =BA40/AZ40-1 -> 0.85494393 | BE40: =BD40/BC40-1 -> #DIV/0! | BF40: =BC40+AZ40 -> 19620 | BG40: =BD40+BA40 -> 36394 | BH40: =BG40/BF40-1 -> 0.85494393 | BK40: =BJ40/BI40-1 -> #DIV/0! | BL40: =BI40+BF40 -> 19620 | BM40: =BJ40+BG40 -> 36394 | BN40: =BM40/BL40-1 -> 0.85494393 | BP40: 47089 | BQ40: 66709 | BR40: =BM40/10000/I40 -> 0.90985
A41: 嘉兴 | B41: 嘉兴 | C41: 嘉兴嘉越电器有限公司 | D41: 经销 | E41: 经销 | F41: 嘉兴市区 | G41: 秀洲区 | H41: 吴月芳 | I41: 0 | J41: 10190 | L41: =K41/J41-1 -> -1 | O41: =N41/M41-1 -> #DIV/0! | P41: =M41+J41 -> 10190 | Q41: =N41+K41 -> 0 | R41: =Q41/P41-1 -> -1 | T41: 4898 | U41: =T41/S41-1 -> #DIV/0! | V41: =S41+P41 -> 10190 | W41: =T41+Q41 -> 4898 | X41: =W41/V41-1 -> -0.51933268 | Y41: 2070 | AA41: =Z41/Y41-1 -> -1 | AB41: =Y41+V41 -> 12260 | AC41: =Z41+W41 -> 4898 | AD41: =AC41/AB41-1 -> -0.6004894 | AF41: 2691 | AG41: =AF41/AE41-1 -> #DIV/0! | AH41: =AE41+AB41 -> 12260 | AI41: =AF41+AC41 -> 7589 | AJ41: =AI41/AH41-1 -> -0.38099511 | AK41: 6600 | AL41: 8324 | AM41: =AL41/AK41-1 -> 0.26121212 | AN41: =AK41+AH41 -> 18860 | AO41: =AL41+AI41 -> 15913 | AP41: =AO41/AN41-1 -> -0.15625663 | AS41: =AR41/AQ41-1 -> #DIV/0! | AT41: =AQ41+AN41 -> 18860 | AU41: =AR41+AO41 -> 15913 | AV41: =AU41/AT41-1 -> -0.15625663 | AX41: 4914 | AY41: =AX41/AW41-1 -> #DIV/0! | AZ41: =AW41+AT41 -> 18860 | BA41: =AX41+AU41 -> 20827 | BB41: =BA41/AZ41-1 -> 0.1042948 | BD41: 3149 | BE41: =BD41/BC41-1 -> #DIV/0! | BF41: =BC41+AZ41 -> 18860 | BG41: =BD41+BA41 -> 23976 | BH41: =BG41/BF41-1 -> 0.27126193 | BI41: 8455 | BJ41: 6279 | BK41: =BJ41/BI41-1 -> -0.25736251 | BL41: =BI41+BF41 -> 27315 | BM41: =BJ41+BG41 -> 30255 | BN41: =BM41/BL41-1 -> 0.10763317 | BO41: 3076 | BQ41: 30391 | BR41: =BM41/10000/I41 -> #DIV/0!
A42: 嘉兴 | B42: 嘉兴 | C42: 嘉兴市尚源商贸有限公司 | D42: 暖通 | E42: 暖通 | F42: 嘉兴市区 | G42: 经济技术开发区 | H42: 吴月芳 | I42: 4.8014 | K42: 12654 | L42: =K42/J42-1 -> #DIV/0! | O42: =N42/M42-1 -> #DIV/0! | P42: =M42+J42 -> 0 | Q42: =N42+K42 -> 12654 | R42: =Q42/P42-1 -> #DIV/0! | T42: 14635 | U42: =T42/S42-1 -> #DIV/0! | V42: =S42+P42 -> 0 | W42: =T42+Q42 -> 27289 | X42: =W42/V42-1 -> #DIV/0! | Y42: 13520 | AA42: =Z42/Y42-1 -> -1 | AB42: =Y42+V42 -> 13520 | AC42: =Z42+W42 -> 27289 | AD42: =AC42/AB42-1 -> 1.0184172 | AE42: 6598 | AG42: =AF42/AE42-1 -> -1 | AH42: =AE42+AB42 -> 20118 | AI42: =AF42+AC42 -> 27289 | AJ42: =AI42/AH42-1 -> 0.35644696 | AK42: 11393 | AL42: 3803 | AM42: =AL42/AK42-1 -> -0.66619854 | AN42: =AK42+AH42 -> 31511 | AO42: =AL42+AI42 -> 31092 | AP42: =AO42/AN42-1 -> -0.013296944 | AQ42: 16300 | AR42: 4305 | AS42: =AR42/AQ42-1 -> -0.73588957 | AT42: =AQ42+AN42 -> 47811 | AU42: =AR42+AO42 -> 35397 | AV42: =AU42/AT42-1 -> -0.25964736 | AW42: 3765 | AY42: =AX42/AW42-1 -> -1 | AZ42: =AW42+AT42 -> 51576 | BA42: =AX42+AU42 -> 35397 | BB42: =BA42/AZ42-1 -> -0.31369242 | BD42: 6439 | BE42: =BD42/BC42-1 -> #DIV/0! | BF42: =BC42+AZ42 -> 51576 | BG42: =BD42+BA42 -> 41836 | BH42: =BG42/BF42-1 -> -0.18884753 | BJ42: 6439 | BK42: =BJ42/BI42-1 -> #DIV/0! | BL42: =BI42+BF42 -> 51576 | BM42: =BJ42+BG42 -> 48275 | BN42: =BM42/BL42-1 -> -0.064002637 | BO42: 5389 | BP42: 828 | BQ42: 57793 | BR42: =BM42/10000/I42 -> 1.0054359
A43: 嘉兴 | B43: 嘉兴 | C43: 杭州中博智能电器有限公司（嘉兴） | D43: 家装 | E43: 家装 | F43: 嘉兴市区 | G43: 市区 | H43: 吴月芳 | I43: 28 | K43: 2024 | L43: =K43/J43-1 -> #DIV/0! | N43: 8445.84 | O43: =N43/M43-1 -> #DIV/0! | P43: =M43+J43 -> 0 | Q43: =N43+K43 -> 10469.84 | R43: =Q43/P43-1 -> #DIV/0! | U43: =T43/S43-1 -> #DIV/0! | V43: =S43+P43 -> 0 | W43: =T43+Q43 -> 10469.84 | X43: =W43/V43-1 -> #DIV/0! | Z43: 24539.8 | AA43: =Z43/Y43-1 -> #DIV/0! | AB43: =Y43+V43 -> 0 | AC43: =Z43+W43 -> 35009.64 | AD43: =AC43/AB43-1 -> #DIV/0! | AF43: 18827.5 | AG43: =AF43/AE43-1 -> #DIV/0! | AH43: =AE43+AB43 -> 0 | AI43: =AF43+AC43 -> 53837.14 | AJ43: =AI43/AH43-1 -> #DIV/0! | AL43: 51848.85 | AM43: =AL43/AK43-1 -> #DIV/0! | AN43: =AK43+AH43 -> 0 | AO43: =AL43+AI43 -> 105685.99 | AP43: =AO43/AN43-1 -> #DIV/0! | AR43: 4399.2 | AS43: =AR43/AQ43-1 -> #DIV/0! | AT43: =AQ43+AN43 -> 0 | AU43: =AR43+AO43 -> 110085.19 | AV43: =AU43/AT43-1 -> #DIV/0! | AW43: 2640 | AX43: 57282.79 | AY43: =AX43/AW43-1 -> 20.698027 | AZ43: =AW43+AT43 -> 2640 | BA43: =AX43+AU43 -> 167367.98 | BB43: =BA43/AZ43-1 -> 62.396962 | BC43: 873.36 | BD43: 2517.5 | BE43: =BD43/BC43-1 -> 1.8825456 | BF43: =BC43+AZ43 -> 3513.36 | BG43: =BD43+BA43 -> 169885.48 | BH43: =BG43/BF43-1 -> 47.354134 | BI43: 29873.1 | BJ43: 7460.9 | BK43: =BJ43/BI43-1 -> -0.75024688 | BL43: =BI43+BF43 -> 33386.46 | BM43: =BJ43+BG43 -> 177346.38 | BN43: =BM43/BL43-1 -> 4.3119253 | BO43: 22911.5 | BP43: 6688 | BQ43: 62985.96 | BR43: =BM43/10000/I43 -> 0.63337993
A44: 嘉兴 | B44: 嘉兴 | C44: 浙江久慧智能工程有限公司 | D44: 暖通 | E44: 暖通 | F44: 嘉兴市区 | G44: 经济技术开发区 | H44: 吴月芳 | J44: 3911 | L44: =K44/J44-1 -> -1 | O44: =N44/M44-1 -> #DIV/0! | P44: =M44+J44 -> 3911 | Q44: =N44+K44 -> 0 | R44: =Q44/P44-1 -> -1 | U44: =T44/S44-1 -> #DIV/0! | V44: =S44+P44 -> 3911 | W44: =T44+Q44 -> 0 | X44: =W44/V44-1 -> -1 | AA44: =Z44/Y44-1 -> #DIV/0! | AB44: =Y44+V44 -> 3911 | AC44: =Z44+W44 -> 0 | AD44: =AC44/AB44-1 -> -1 | AG44: =AF44/AE44-1 -> #DIV/0! | AH44: =AE44+AB44 -> 3911 | AI44: =AF44+AC44 -> 0 | AJ44: =AI44/AH44-1 -> -1 | AM44: =AL44/AK44-1 -> #DIV/0! | AN44: =AK44+AH44 -> 3911 | AO44: =AL44+AI44 -> 0 | AP44: =AO44/AN44-1 -> -1 | AS44: =AR44/AQ44-1 -> #DIV/0! | AT44: =AQ44+AN44 -> 3911 | AU44: =AR44+AO44 -> 0 | AV44: =AU44/AT44-1 -> -1 | AY44: =AX44/AW44-1 -> #DIV/0! | AZ44: =AW44+AT44 -> 3911 | BA44: =AX44+AU44 -> 0 | BB44: =BA44/AZ44-1 -> -1 | BE44: =BD44/BC44-1 -> #DIV/0! | BF44: =BC44+AZ44 -> 3911 | BG44: =BD44+BA44 -> 0 | BH44: =BG44/BF44-1 -> -1 | BK44: =BJ44/BI44-1 -> #DIV/0! | BL44: =BI44+BF44 -> 3911 | BM44: =BJ44+BG44 -> 0 | BN44: =BM44/BL44-1 -> -1 | BQ44: 3911 | BR44: =BM44/10000/I44 -> #DIV/0!
A45: 嘉兴 | B45: 嘉兴 | C45: 海宁市百信家电有限公司 | D45: 暖通 | E45: 暖通 | F45: 海宁市 | G45: 海宁市 | H45: 王军杰 | L45: =K45/J45-1 -> #DIV/0! | M45: 6431 | O45: =N45/M45-1 -> -1 | P45: =M45+J45 -> 6431 | Q45: =N45+K45 -> 0 | R45: =Q45/P45-1 -> -1 | U45: =T45/S45-1 -> #DIV/0! | V45: =S45+P45 -> 6431 | W45: =T45+Q45 -> 0 | X45: =W45/V45-1 -> -1 | AA45: =Z45/Y45-1 -> #DIV/0! | AB45: =Y45+V45 -> 6431 | AC45: =Z45+W45 -> 0 | AD45: =AC45/AB45-1 -> -1 | AF45: 6566 | AG45: =AF45/AE45-1 -> #DIV/0! | AH45: =AE45+AB45 -> 6431 | AI45: =AF45+AC45 -> 6566 | AJ45: =AI45/AH45-1 -> 0.02099207 | AM45: =AL45/AK45-1 -> #DIV/0! | AN45: =AK45+AH45 -> 6431 | AO45: =AL45+AI45 -> 6566 | AP45: =AO45/AN45-1 -> 0.02099207 | AS45: =AR45/AQ45-1 -> #DIV/0! | AT45: =AQ45+AN45 -> 6431 | AU45: =AR45+AO45 -> 6566 | AV45: =AU45/AT45-1 -> 0.02099207 | AY45: =AX45/AW45-1 -> #DIV/0! | AZ45: =AW45+AT45 -> 6431 | BA45: =AX45+AU45 -> 6566 | BB45: =BA45/AZ45-1 -> 0.02099207 | BD45: 5382 | BE45: =BD45/BC45-1 -> #DIV/0! | BF45: =BC45+AZ45 -> 6431 | BG45: =BD45+BA45 -> 11948 | BH45: =BG45/BF45-1 -> 0.85787591 | BJ45: 15422 | BK45: =BJ45/BI45-1 -> #DIV/0! | BL45: =BI45+BF45 -> 6431 | BM45: =BJ45+BG45 -> 27370 | BN45: =BM45/BL45-1 -> 3.2559478 | BQ45: 6431 | BR45: =BM45/10000/I45 -> #DIV/0!
A46: 嘉兴 | B46: 嘉兴 | C46: 嘉兴市秀洲区新塍张建新五金管道经营部 | D46: 经销 | E46: 经销 | F46: 嘉兴市区 | G46: 秀洲区 | H46: 吴月芳 | I46: 0 | L46: =K46/J46-1 -> #DIV/0! | M46: 20000 | O46: =N46/M46-1 -> -1 | P46: =M46+J46 -> 20000 | Q46: =N46+K46 -> 0 | R46: =Q46/P46-1 -> -1 | T46: 7105 | U46: =T46/S46-1 -> #DIV/0! | V46: =S46+P46 -> 20000 | W46: =T46+Q46 -> 7105 | X46: =W46/V46-1 -> -0.64475 | AA46: =Z46/Y46-1 -> #DIV/0! | AB46: =Y46+V46 -> 20000 | AC46: =Z46+W46 -> 7105 | AD46: =AC46/AB46-1 -> -0.64475 | AG46: =AF46/AE46-1 -> #DIV/0! | AH46: =AE46+AB46 -> 20000 | AI46: =AF46+AC46 -> 7105 | AJ46: =AI46/AH46-1 -> -0.64475 | AK46: 2310 | AM46: =AL46/AK46-1 -> -1 | AN46: =AK46+AH46 -> 22310 | AO46: =AL46+AI46 -> 7105 | AP46: =AO46/AN46-1 -> -0.68153294 | AS46: =AR46/AQ46-1 -> #DIV/0! | AT46: =AQ46+AN46 -> 22310 | AU46: =AR46+AO46 -> 7105 | AV46: =AU46/AT46-1 -> -0.68153294 | AY46: =AX46/AW46-1 -> #DIV/0! | AZ46: =AW46+AT46 -> 22310 | BA46: =AX46+AU46 -> 7105 | BB46: =BA46/AZ46-1 -> -0.68153294 | BC46: 15249 | BE46: =BD46/BC46-1 -> -1 | BF46: =BC46+AZ46 -> 37559 | BG46: =BD46+BA46 -> 7105 | BH46: =BG46/BF46-1 -> -0.81083096 | BI46: 5443 | BK46: =BJ46/BI46-1 -> -1 | BL46: =BI46+BF46 -> 43002 | BM46: =BJ46+BG46 -> 7105 | BN46: =BM46/BL46-1 -> -0.83477513 | BQ46: 43002 | BR46: =BM46/10000/I46 -> #DIV/0!
A47: 嘉兴 | B47: 嘉兴 | C47: 桐乡姜山机电工程有限公司 | D47: 经销 | E47: 经销 | F47: 桐乡市 | G47: 桐乡市 | H47: 王军杰 | L47: =K47/J47-1 -> #DIV/0! | N47: 10000 | O47: =N47/M47-1 -> #DIV/0! | P47: =M47+J47 -> 0 | Q47: =N47+K47 -> 10000 | R47: =Q47/P47-1 -> #DIV/0! | U47: =T47/S47-1 -> #DIV/0! | V47: =S47+P47 -> 0 | W47: =T47+Q47 -> 10000 | X47: =W47/V47-1 -> #DIV/0! | Y47: 10000 | AA47: =Z47/Y47-1 -> -1 | AB47: =Y47+V47 -> 10000 | AC47: =Z47+W47 -> 10000 | AD47: =AC47/AB47-1 -> 0 | AG47: =AF47/AE47-1 -> #DIV/0! | AH47: =AE47+AB47 -> 10000 | AI47: =AF47+AC47 -> 10000 | AJ47: =AI47/AH47-1 -> 0 | AM47: =AL47/AK47-1 -> #DIV/0! | AN47: =AK47+AH47 -> 10000 | AO47: =AL47+AI47 -> 10000 | AP47: =AO47/AN47-1 -> 0 | AR47: 4124 | AS47: =AR47/AQ47-1 -> #DIV/0! | AT47: =AQ47+AN47 -> 10000 | AU47: =AR47+AO47 -> 14124 | AV47: =AU47/AT47-1 -> 0.4124 | AY47: =AX47/AW47-1 -> #DIV/0! | AZ47: =AW47+AT47 -> 10000 | BA47: =AX47+AU47 -> 14124 | BB47: =BA47/AZ47-1 -> 0.4124 | BD47: 4124 | BE47: =BD47/BC47-1 -> #DIV/0! | BF47: =BC47+AZ47 -> 10000 | BG47: =BD47+BA47 -> 18248 | BH47: =BG47/BF47-1 -> 0.8248 | BK47: =BJ47/BI47-1 -> #DIV/0! | BL47: =BI47+BF47 -> 10000 | BM47: =BJ47+BG47 -> 18248 | BN47: =BM47/BL47-1 -> 0.8248 | BO47: 10000 | BQ47: 20000 | BR47: =BM47/10000/I47 -> #DIV/0!
A48: 嘉兴 | B48: 嘉兴 | C48: 海盐县通元军峰建材店 | D48: 经销 | E48: 经销 | F48: 海盐县 | G48: 海盐县 | H48: 胡昊天 | I48: 5 | L48: =K48/J48-1 -> #DIV/0! | O48: =N48/M48-1 -> #DIV/0! | P48: =M48+J48 -> 0 | Q48: =N48+K48 -> 0 | R48: =Q48/P48-1 -> #DIV/0! | U48: =T48/S48-1 -> #DIV/0! | V48: =S48+P48 -> 0 | W48: =T48+Q48 -> 0 | X48: =W48/V48-1 -> #DIV/0! | Y48: 5382 | AA48: =Z48/Y48-1 -> -1 | AB48: =Y48+V48 -> 5382 | AC48: =Z48+W48 -> 0 | AD48: =AC48/AB48-1 -> -1 | AG48: =AF48/AE48-1 -> #DIV/0! | AH48: =AE48+AB48 -> 5382 | AI48: =AF48+AC48 -> 0 | AJ48: =AI48/AH48-1 -> -1 | AM48: =AL48/AK48-1 -> #DIV/0! | AN48: =AK48+AH48 -> 5382 | AO48: =AL48+AI48 -> 0 | AP48: =AO48/AN48-1 -> -1 | AS48: =AR48/AQ48-1 -> #DIV/0! | AT48: =AQ48+AN48 -> 5382 | AU48: =AR48+AO48 -> 0 | AV48: =AU48/AT48-1 -> -1 | AY48: =AX48/AW48-1 -> #DIV/0! | AZ48: =AW48+AT48 -> 5382 | BA48: =AX48+AU48 -> 0 | BB48: =BA48/AZ48-1 -> -1 | BE48: =BD48/BC48-1 -> #DIV/0! | BF48: =BC48+AZ48 -> 5382 | BG48: =BD48+BA48 -> 0 | BH48: =BG48/BF48-1 -> -1 | BK48: =BJ48/BI48-1 -> #DIV/0! | BL48: =BI48+BF48 -> 5382 | BM48: =BJ48+BG48 -> 0 | BN48: =BM48/BL48-1 -> -1 | BQ48: 5382 | BR48: =BM48/10000/I48 -> 0
A49: 嘉兴 | B49: 嘉兴 | C49: 海宁市许村镇正鑫电器商行 | D49: 经销 | E49: 经销 | F49: 海宁市 | G49: 海宁市 | H49: 王军杰 | L49: =K49/J49-1 -> #DIV/0! | N49: 2992 | O49: =N49/M49-1 -> #DIV/0! | P49: =M49+J49 -> 0 | Q49: =N49+K49 -> 2992 | R49: =Q49/P49-1 -> #DIV/0! | U49: =T49/S49-1 -> #DIV/0! | V49: =S49+P49 -> 0 | W49: =T49+Q49 -> 2992 | X49: =W49/V49-1 -> #DIV/0! | AA49: =Z49/Y49-1 -> #DIV/0! | AB49: =Y49+V49 -> 0 | AC49: =Z49+W49 -> 2992 | AD49: =AC49/AB49-1 -> #DIV/0! | AE49: 5370 | AG49: =AF49/AE49-1 -> -1 | AH49: =AE49+AB49 -> 5370 | AI49: =AF49+AC49 -> 2992 | AJ49: =AI49/AH49-1 -> -0.44283054 | AM49: =AL49/AK49-1 -> #DIV/0! | AN49: =AK49+AH49 -> 5370 | AO49: =AL49+AI49 -> 2992 | AP49: =AO49/AN49-1 -> -0.44283054 | AS49: =AR49/AQ49-1 -> #DIV/0! | AT49: =AQ49+AN49 -> 5370 | AU49: =AR49+AO49 -> 2992 | AV49: =AU49/AT49-1 -> -0.44283054 | AY49: =AX49/AW49-1 -> #DIV/0! | AZ49: =AW49+AT49 -> 5370 | BA49: =AX49+AU49 -> 2992 | BB49: =BA49/AZ49-1 -> -0.44283054 | BD49: 790 | BE49: =BD49/BC49-1 -> #DIV/0! | BF49: =BC49+AZ49 -> 5370 | BG49: =BD49+BA49 -> 3782 | BH49: =BG49/BF49-1 -> -0.29571695 | BI49: 4058 | BK49: =BJ49/BI49-1 -> -1 | BL49: =BI49+BF49 -> 9428 | BM49: =BJ49+BG49 -> 3782 | BN49: =BM49/BL49-1 -> -0.59885448 | BQ49: 9428 | BR49: =BM49/10000/I49 -> #DIV/0!
A50: 嘉兴 | B50: 嘉兴 | C50: 海宁勤锋家电有限公司 | D50: 经销 | E50: 经销 | F50: 海宁市 | G50: 海宁市 | H50: 王军杰 | L50: =K50/J50-1 -> #DIV/0! | O50: =N50/M50-1 -> #DIV/0! | P50: =M50+J50 -> 0 | Q50: =N50+K50 -> 0 | R50: =Q50/P50-1 -> #DIV/0! | U50: =T50/S50-1 -> #DIV/0! | V50: =S50+P50 -> 0 | W50: =T50+Q50 -> 0 | X50: =W50/V50-1 -> #DIV/0! | AA50: =Z50/Y50-1 -> #DIV/0! | AB50: =Y50+V50 -> 0 | AC50: =Z50+W50 -> 0 | AD50: =AC50/AB50-1 -> #DIV/0! | AE50: 7590 | AG50: =AF50/AE50-1 -> -1 | AH50: =AE50+AB50 -> 7590 | AI50: =AF50+AC50 -> 0 | AJ50: =AI50/AH50-1 -> -1 | AK50: 11200 | AM50: =AL50/AK50-1 -> -1 | AN50: =AK50+AH50 -> 18790 | AO50: =AL50+AI50 -> 0 | AP50: =AO50/AN50-1 -> -1 | AQ50: 2148 | AS50: =AR50/AQ50-1 -> -1 | AT50: =AQ50+AN50 -> 20938 | AU50: =AR50+AO50 -> 0 | AV50: =AU50/AT50-1 -> -1 | AW50: 3919 | AY50: =AX50/AW50-1 -> -1 | AZ50: =AW50+AT50 -> 24857 | BA50: =AX50+AU50 -> 0 | BB50: =BA50/AZ50-1 -> -1 | BC50: 4887 | BE50: =BD50/BC50-1 -> -1 | BF50: =BC50+AZ50 -> 29744 | BG50: =BD50+BA50 -> 0 | BH50: =BG50/BF50-1 -> -1 | BI50: 23919 | BK50: =BJ50/BI50-1 -> -1 | BL50: =BI50+BF50 -> 53663 | BM50: =BJ50+BG50 -> 0 | BN50: =BM50/BL50-1 -> -1 | BP50: 57800 | BQ50: 111463 | BR50: =BM50/10000/I50 -> #DIV/0!
A51: 嘉兴 | B51: 嘉兴 | C51: 嘉兴市明锐整装有限公司 | D51: 经销 | E51: 经销 | F51: 嘉善县 | G51: 嘉善县 | H51: 胡昊天 | L51: =K51/J51-1 -> #DIV/0! | O51: =N51/M51-1 -> #DIV/0! | P51: =M51+J51 -> 0 | Q51: =N51+K51 -> 0 | R51: =Q51/P51-1 -> #DIV/0! | T51: 6400 | U51: =T51/S51-1 -> #DIV/0! | V51: =S51+P51 -> 0 | W51: =T51+Q51 -> 6400 | X51: =W51/V51-1 -> #DIV/0! | Z51: 3934 | AA51: =Z51/Y51-1 -> #DIV/0! | AB51: =Y51+V51 -> 0 | AC51: =Z51+W51 -> 10334 | AD51: =AC51/AB51-1 -> #DIV/0! | AE51: 2388 | AF51: 2400 | AG51: =AF51/AE51-1 -> 0.0050251256 | AH51: =AE51+AB51 -> 2388 | AI51: =AF51+AC51 -> 12734 | AJ51: =AI51/AH51-1 -> 4.3324958 | AM51: =AL51/AK51-1 -> #DIV/0! | AN51: =AK51+AH51 -> 2388 | AO51: =AL51+AI51 -> 12734 | AP51: =AO51/AN51-1 -> 4.3324958 | AS51: =AR51/AQ51-1 -> #DIV/0! | AT51: =AQ51+AN51 -> 2388 | AU51: =AR51+AO51 -> 12734 | AV51: =AU51/AT51-1 -> 4.3324958 | AW51: 7700 | AY51: =AX51/AW51-1 -> -1 | AZ51: =AW51+AT51 -> 10088 | BA51: =AX51+AU51 -> 12734 | BB51: =BA51/AZ51-1 -> 0.26229183 | BE51: =BD51/BC51-1 -> #DIV/0! | BF51: =BC51+AZ51 -> 10088 | BG51: =BD51+BA51 -> 12734 | BH51: =BG51/BF51-1 -> 0.26229183 | BK51: =BJ51/BI51-1 -> #DIV/0! | BL51: =BI51+BF51 -> 10088 | BM51: =BJ51+BG51 -> 12734 | BN51: =BM51/BL51-1 -> 0.26229183 | BQ51: 10088 | BR51: =BM51/10000/I51 -> #DIV/0!
A52: 嘉兴 | B52: 嘉兴 | C52: 嘉兴信良装饰有限公司 | D52: 经销 | E52: 经销 | F52: 嘉善县 | G52: 嘉善县 | H52: 胡昊天 | L52: =K52/J52-1 -> #DIV/0! | O52: =N52/M52-1 -> #DIV/0! | P52: =M52+J52 -> 0 | Q52: =N52+K52 -> 0 | R52: =Q52/P52-1 -> #DIV/0! | U52: =T52/S52-1 -> #DIV/0! | V52: =S52+P52 -> 0 | W52: =T52+Q52 -> 0 | X52: =W52/V52-1 -> #DIV/0! | AA52: =Z52/Y52-1 -> #DIV/0! | AB52: =Y52+V52 -> 0 | AC52: =Z52+W52 -> 0 | AD52: =AC52/AB52-1 -> #DIV/0! | AG52: =AF52/AE52-1 -> #DIV/0! | AH52: =AE52+AB52 -> 0 | AI52: =AF52+AC52 -> 0 | AJ52: =AI52/AH52-1 -> #DIV/0! | AK52: 2594 | AM52: =AL52/AK52-1 -> -1 | AN52: =AK52+AH52 -> 2594 | AO52: =AL52+AI52 -> 0 | AP52: =AO52/AN52-1 -> -1 | AS52: =AR52/AQ52-1 -> #DIV/0! | AT52: =AQ52+AN52 -> 2594 | AU52: =AR52+AO52 -> 0 | AV52: =AU52/AT52-1 -> -1 | AY52: =AX52/AW52-1 -> #DIV/0! | AZ52: =AW52+AT52 -> 2594 | BA52: =AX52+AU52 -> 0 | BB52: =BA52/AZ52-1 -> -1 | BE52: =BD52/BC52-1 -> #DIV/0! | BF52: =BC52+AZ52 -> 2594 | BG52: =BD52+BA52 -> 0 | BH52: =BG52/BF52-1 -> -1 | BK52: =BJ52/BI52-1 -> #DIV/0! | BL52: =BI52+BF52 -> 2594 | BM52: =BJ52+BG52 -> 0 | BN52: =BM52/BL52-1 -> -1 | BQ52: 2594 | BR52: =BM52/10000/I52 -> #DIV/0!
A53: 嘉兴 | B53: 嘉兴 | C53: 海宁市长安镇联联通讯商店 | D53: 经销 | E53: 经销 | F53: 海宁市 | G53: 海宁市 | H53: 王军杰 | L53: =K53/J53-1 -> #DIV/0! | O53: =N53/M53-1 -> #DIV/0! | P53: =M53+J53 -> 0 | Q53: =N53+K53 -> 0 | R53: =Q53/P53-1 -> #DIV/0! | U53: =T53/S53-1 -> #DIV/0! | V53: =S53+P53 -> 0 | W53: =T53+Q53 -> 0 | X53: =W53/V53-1 -> #DIV/0! | AA53: =Z53/Y53-1 -> #DIV/0! | AB53: =Y53+V53 -> 0 | AC53: =Z53+W53 -> 0 | AD53: =AC53/AB53-1 -> #DIV/0! | AG53: =AF53/AE53-1 -> #DIV/0! | AH53: =AE53+AB53 -> 0 | AI53: =AF53+AC53 -> 0 | AJ53: =AI53/AH53-1 -> #DIV/0! | AM53: =AL53/AK53-1 -> #DIV/0! | AN53: =AK53+AH53 -> 0 | AO53: =AL53+AI53 -> 0 | AP53: =AO53/AN53-1 -> #DIV/0! | AQ53: 4000 | AR53: 2104 | AS53: =AR53/AQ53-1 -> -0.474 | AT53: =AQ53+AN53 -> 4000 | AU53: =AR53+AO53 -> 2104 | AV53: =AU53/AT53-1 -> -0.474 | AY53: =AX53/AW53-1 -> #DIV/0! | AZ53: =AW53+AT53 -> 4000 | BA53: =AX53+AU53 -> 2104 | BB53: =BA53/AZ53-1 -> -0.474 | BC53: 3082 | BE53: =BD53/BC53-1 -> -1 | BF53: =BC53+AZ53 -> 7082 | BG53: =BD53+BA53 -> 2104 | BH53: =BG53/BF53-1 -> -0.70290878 | BI53: 4260 | BK53: =BJ53/BI53-1 -> -1 | BL53: =BI53+BF53 -> 11342 | BM53: =BJ53+BG53 -> 2104 | BN53: =BM53/BL53-1 -> -0.8144948 | BQ53: 11342 | BR53: =BM53/10000/I53 -> #DIV/0!
A54: 嘉兴 | B54: 嘉兴 | C54: 海宁市铭亮贸易有限公司 | D54: 经销 | E54: 经销 | F54: 海宁市 | G54: 海宁市 | H54: 王军杰 | L54: =K54/J54-1 -> #DIV/0! | N54: 2644 | O54: =N54/M54-1 -> #DIV/0! | P54: =M54+J54 -> 0 | Q54: =N54+K54 -> 2644 | R54: =Q54/P54-1 -> #DIV/0! | U54: =T54/S54-1 -> #DIV/0! | V54: =S54+P54 -> 0 | W54: =T54+Q54 -> 2644 | X54: =W54/V54-1 -> #DIV/0! | AA54: =Z54/Y54-1 -> #DIV/0! | AB54: =Y54+V54 -> 0 | AC54: =Z54+W54 -> 2644 | AD54: =AC54/AB54-1 -> #DIV/0! | AG54: =AF54/AE54-1 -> #DIV/0! | AH54: =AE54+AB54 -> 0 | AI54: =AF54+AC54 -> 2644 | AJ54: =AI54/AH54-1 -> #DIV/0! | AM54: =AL54/AK54-1 -> #DIV/0! | AN54: =AK54+AH54 -> 0 | AO54: =AL54+AI54 -> 2644 | AP54: =AO54/AN54-1 -> #DIV/0! | AQ54: 18000 | AR54: 2200 | AS54: =AR54/AQ54-1 -> -0.87777778 | AT54: =AQ54+AN54 -> 18000 | AU54: =AR54+AO54 -> 4844 | AV54: =AU54/AT54-1 -> -0.73088889 | AX54: 5610 | AY54: =AX54/AW54-1 -> #DIV/0! | AZ54: =AW54+AT54 -> 18000 | BA54: =AX54+AU54 -> 10454 | BB54: =BA54/AZ54-1 -> -0.41922222 | BC54: 20000 | BD54: 5988 | BE54: =BD54/BC54-1 -> -0.7006 | BF54: =BC54+AZ54 -> 38000 | BG54: =BD54+BA54 -> 16442 | BH54: =BG54/BF54-1 -> -0.56731579 | BI54: 7925 | BK54: =BJ54/BI54-1 -> -1 | BL54: =BI54+BF54 -> 45925 | BM54: =BJ54+BG54 -> 16442 | BN54: =BM54/BL54-1 -> -0.64198149 | BO54: 2644 | BP54: 2644 | BQ54: 51213 | BR54: =BM54/10000/I54 -> #DIV/0!
A55: 嘉兴 | B55: 嘉兴 | C55: 嘉兴爱多暖通科技有限公司 | D55: 暖通 | E55: 暖通 | F55: 嘉兴市区 | H55: 吴月芳 | K55: 10328 | L55: =K55/J55-1 -> #DIV/0! | O55: =N55/M55-1 -> #DIV/0! | P55: =M55+J55 -> 0 | Q55: =N55+K55 -> 10328 | R55: =Q55/P55-1 -> #DIV/0! | T55: -1000 | U55: =T55/S55-1 -> #DIV/0! | V55: =S55+P55 -> 0 | W55: =T55+Q55 -> 9328 | X55: =W55/V55-1 -> #DIV/0! | AA55: =Z55/Y55-1 -> #DIV/0! | AB55: =Y55+V55 -> 0 | AC55: =Z55+W55 -> 9328 | AD55: =AC55/AB55-1 -> #DIV/0! | AG55: =AF55/AE55-1 -> #DIV/0! | AH55: =AE55+AB55 -> 0 | AI55: =AF55+AC55 -> 9328 | AJ55: =AI55/AH55-1 -> #DIV/0! | AM55: =AL55/AK55-1 -> #DIV/0! | AN55: =AK55+AH55 -> 0 | AO55: =AL55+AI55 -> 9328 | AP55: =AO55/AN55-1 -> #DIV/0! | AQ55: 3868 | AR55: 4092 | AS55: =AR55/AQ55-1 -> 0.057911065 | AT55: =AQ55+AN55 -> 3868 | AU55: =AR55+AO55 -> 13420 | AV55: =AU55/AT55-1 -> 2.4694933 | AX55: 8474 | AY55: =AX55/AW55-1 -> #DIV/0! | AZ55: =AW55+AT55 -> 3868 | BA55: =AX55+AU55 -> 21894 | BB55: =BA55/AZ55-1 -> 4.6602896 | BD55: 9808 | BE55: =BD55/BC55-1 -> #DIV/0! | BF55: =BC55+AZ55 -> 3868 | BG55: =BD55+BA55 -> 31702 | BH55: =BG55/BF55-1 -> 7.1959669 | BK55: =BJ55/BI55-1 -> #DIV/0! | BL55: =BI55+BF55 -> 3868 | BM55: =BJ55+BG55 -> 31702 | BN55: =BM55/BL55-1 -> 7.1959669 | BQ55: 3868 | BR55: =BM55/10000/I55 -> #DIV/0!
A56: 嘉兴 | B56: 嘉兴 | C56: 海盐县百步镇羽恬电器店 | D56: 经销 | E56: 经销 | F56: 海盐县 | G56: 海盐县 | H56: 胡昊天 | L56: =K56/J56-1 -> #DIV/0! | O56: =N56/M56-1 -> #DIV/0! | P56: =M56+J56 -> 0 | Q56: =N56+K56 -> 0 | R56: =Q56/P56-1 -> #DIV/0! | U56: =T56/S56-1 -> #DIV/0! | V56: =S56+P56 -> 0 | W56: =T56+Q56 -> 0 | X56: =W56/V56-1 -> #DIV/0! | AA56: =Z56/Y56-1 -> #DIV/0! | AB56: =Y56+V56 -> 0 | AC56: =Z56+W56 -> 0 | AD56: =AC56/AB56-1 -> #DIV/0! | AG56: =AF56/AE56-1 -> #DIV/0! | AH56: =AE56+AB56 -> 0 | AI56: =AF56+AC56 -> 0 | AJ56: =AI56/AH56-1 -> #DIV/0! | AM56: =AL56/AK56-1 -> #DIV/0! | AN56: =AK56+AH56 -> 0 | AO56: =AL56+AI56 -> 0 | AP56: =AO56/AN56-1 -> #DIV/0! | AQ56: 2549 | AS56: =AR56/AQ56-1 -> -1 | AT56: =AQ56+AN56 -> 2549 | AU56: =AR56+AO56 -> 0 | AV56: =AU56/AT56-1 -> -1 | AY56: =AX56/AW56-1 -> #DIV/0! | AZ56: =AW56+AT56 -> 2549 | BA56: =AX56+AU56 -> 0 | BB56: =BA56/AZ56-1 -> -1 | BE56: =BD56/BC56-1 -> #DIV/0! | BF56: =BC56+AZ56 -> 2549 | BG56: =BD56+BA56 -> 0 | BH56: =BG56/BF56-1 -> -1 | BK56: =BJ56/BI56-1 -> #DIV/0! | BL56: =BI56+BF56 -> 2549 | BM56: =BJ56+BG56 -> 0 | BN56: =BM56/BL56-1 -> -1 | BQ56: 2549 | BR56: =BM56/10000/I56 -> #DIV/0!
A57: 嘉兴 | B57: 嘉兴 | C57: 苏宁易购集团股份有限公司苏宁采购中心 | D57: 经销 | E57: 经销 | F57: 嘉兴市区 | G57: 嘉兴市区 | H57: 胡昊天 | K57: 5704 | L57: =K57/J57-1 -> #DIV/0! | O57: =N57/M57-1 -> #DIV/0! | P57: =M57+J57 -> 0 | Q57: =N57+K57 -> 5704 | R57: =Q57/P57-1 -> #DIV/0! | U57: =T57/S57-1 -> #DIV/0! | V57: =S57+P57 -> 0 | W57: =T57+Q57 -> 5704 | X57: =W57/V57-1 -> #DIV/0! | AA57: =Z57/Y57-1 -> #DIV/0! | AB57: =Y57+V57 -> 0 | AC57: =Z57+W57 -> 5704 | AD57: =AC57/AB57-1 -> #DIV/0! | AG57: =AF57/AE57-1 -> #DIV/0! | AH57: =AE57+AB57 -> 0 | AI57: =AF57+AC57 -> 5704 | AJ57: =AI57/AH57-1 -> #DIV/0! | AM57: =AL57/AK57-1 -> #DIV/0! | AN57: =AK57+AH57 -> 0 | AO57: =AL57+AI57 -> 5704 | AP57: =AO57/AN57-1 -> #DIV/0! | AS57: =AR57/AQ57-1 -> #DIV/0! | AT57: =AQ57+AN57 -> 0 | AU57: =AR57+AO57 -> 5704 | AV57: =AU57/AT57-1 -> #DIV/0! | AW57: 2203.4 | AY57: =AX57/AW57-1 -> -1 | AZ57: =AW57+AT57 -> 2203.4 | BA57: =AX57+AU57 -> 5704 | BB57: =BA57/AZ57-1 -> 1.5887265 | BD57: 657.8 | BE57: =BD57/BC57-1 -> #DIV/0! | BF57: =BC57+AZ57 -> 2203.4 | BG57: =BD57+BA57 -> 6361.8 | BH57: =BG57/BF57-1 -> 1.8872651 | BI57: 5772.08 | BK57: =BJ57/BI57-1 -> -1 | BL57: =BI57+BF57 -> 7975.48 | BM57: =BJ57+BG57 -> 6361.8 | BN57: =BM57/BL57-1 -> -0.20233014 | BP57: 2058.96 | BQ57: 10034.44 | BR57: =BM57/10000/I57 -> #DIV/0!
A58: 嘉兴 | B58: 嘉兴 | C58: 海盐县洪波商贸有限公司 | D58: 经销 | E58: 经销 | F58: 海盐县 | G58: 海盐县 | H58: 胡昊天 | I58: 30 | K58: 29664 | L58: =K58/J58-1 -> #DIV/0! | N58: 19159 | O58: =N58/M58-1 -> #DIV/0! | P58: =M58+J58 -> 0 | Q58: =N58+K58 -> 48823 | R58: =Q58/P58-1 -> #DIV/0! | T58: 1887 | U58: =T58/S58-1 -> #DIV/0! | V58: =S58+P58 -> 0 | W58: =T58+Q58 -> 50710 | X58: =W58/V58-1 -> #DIV/0! | Z58: 9073 | AA58: =Z58/Y58-1 -> #DIV/0! | AB58: =Y58+V58 -> 0 | AC58: =Z58+W58 -> 59783 | AD58: =AC58/AB58-1 -> #DIV/0! | AF58: 25484 | AG58: =AF58/AE58-1 -> #DIV/0! | AH58: =AE58+AB58 -> 0 | AI58: =AF58+AC58 -> 85267 | AJ58: =AI58/AH58-1 -> #DIV/0! | AL58: 6200 | AM58: =AL58/AK58-1 -> #DIV/0! | AN58: =AK58+AH58 -> 0 | AO58: =AL58+AI58 -> 91467 | AP58: =AO58/AN58-1 -> #DIV/0! | AR58: 19429 | AS58: =AR58/AQ58-1 -> #DIV/0! | AT58: =AQ58+AN58 -> 0 | AU58: =AR58+AO58 -> 110896 | AV58: =AU58/AT58-1 -> #DIV/0! | AX58: 28500 | AY58: =AX58/AW58-1 -> #DIV/0! | AZ58: =AW58+AT58 -> 0 | BA58: =AX58+AU58 -> 139396 | BB58: =BA58/AZ58-1 -> #DIV/0! | BC58: 5629 | BD58: 34226 | BE58: =BD58/BC58-1 -> 5.0802985 | BF58: =BC58+AZ58 -> 5629 | BG58: =BD58+BA58 -> 173622 | BH58: =BG58/BF58-1 -> 29.8442 | BI58: 24130 | BJ58: 17670 | BK58: =BJ58/BI58-1 -> -0.26771654 | BL58: =BI58+BF58 -> 29759 | BM58: =BJ58+BG58 -> 191292 | BN58: =BM58/BL58-1 -> 5.4280386 | BO58: 38318 | BP58: 30121 | BQ58: 98198 | BR58: =BM58/10000/I58 -> 0.63764
A59: 嘉兴 | B59: 嘉兴 | C59: 海宁市长安镇双川电器商行 | D59: 经销 | E59: 经销 | F59: 海宁市 | G59: 海宁市 | H59: 王军杰 | K59: 2992 | L59: =K59/J59-1 -> #DIV/0! | O59: =N59/M59-1 -> #DIV/0! | P59: =M59+J59 -> 0 | Q59: =N59+K59 -> 2992 | R59: =Q59/P59-1 -> #DIV/0! | T59: 2104 | U59: =T59/S59-1 -> #DIV/0! | V59: =S59+P59 -> 0 | W59: =T59+Q59 -> 5096 | X59: =W59/V59-1 -> #DIV/0! | AA59: =Z59/Y59-1 -> #DIV/0! | AB59: =Y59+V59 -> 0 | AC59: =Z59+W59 -> 5096 | AD59: =AC59/AB59-1 -> #DIV/0! | AG59: =AF59/AE59-1 -> #DIV/0! | AH59: =AE59+AB59 -> 0 | AI59: =AF59+AC59 -> 5096 | AJ59: =AI59/AH59-1 -> #DIV/0! | AL59: 4347 | AM59: =AL59/AK59-1 -> #DIV/0! | AN59: =AK59+AH59 -> 0 | AO59: =AL59+AI59 -> 9443 | AP59: =AO59/AN59-1 -> #DIV/0! | AR59: 5929 | AS59: =AR59/AQ59-1 -> #DIV/0! | AT59: =AQ59+AN59 -> 0 | AU59: =AR59+AO59 -> 15372 | AV59: =AU59/AT59-1 -> #DIV/0! | AY59: =AX59/AW59-1 -> #DIV/0! | AZ59: =AW59+AT59 -> 0 | BA59: =AX59+AU59 -> 15372 | BB59: =BA59/AZ59-1 -> #DIV/0! | BD59: 3141 | BE59: =BD59/BC59-1 -> #DIV/0! | BF59: =BC59+AZ59 -> 0 | BG59: =BD59+BA59 -> 18513 | BH59: =BG59/BF59-1 -> #DIV/0! | BI59: 8743 | BK59: =BJ59/BI59-1 -> -1 | BL59: =BI59+BF59 -> 8743 | BM59: =BJ59+BG59 -> 18513 | BN59: =BM59/BL59-1 -> 1.1174654 | BO59: 8532 | BP59: 10778 | BQ59: 28053 | BR59: =BM59/10000/I59 -> #DIV/0!
A60: 嘉兴 | B60: 嘉兴 | C60: 旭阳家电（桐乡）有限公司 | D60: 经销 | E60: 经销 | F60: 桐乡市 | G60: 桐乡市 | H60: 王军杰 | I60: 11 | K60: 15756 | L60: =K60/J60-1 -> #DIV/0! | N60: 40000 | O60: =N60/M60-1 -> #DIV/0! | P60: =M60+J60 -> 0 | Q60: =N60+K60 -> 55756 | R60: =Q60/P60-1 -> #DIV/0! | T60: 25190 | U60: =T60/S60-1 -> #DIV/0! | V60: =S60+P60 -> 0 | W60: =T60+Q60 -> 80946 | X60: =W60/V60-1 -> #DIV/0! | Z60: 7652 | AA60: =Z60/Y60-1 -> #DIV/0! | AB60: =Y60+V60 -> 0 | AC60: =Z60+W60 -> 88598 | AD60: =AC60/AB60-1 -> #DIV/0! | AF60: 22404 | AG60: =AF60/AE60-1 -> #DIV/0! | AH60: =AE60+AB60 -> 0 | AI60: =AF60+AC60 -> 111002 | AJ60: =AI60/AH60-1 -> #DIV/0! | AL60: 8108 | AM60: =AL60/AK60-1 -> #DIV/0! | AN60: =AK60+AH60 -> 0 | AO60: =AL60+AI60 -> 119110 | AP60: =AO60/AN60-1 -> #DIV/0! | AR60: 15674 | AS60: =AR60/AQ60-1 -> #DIV/0! | AT60: =AQ60+AN60 -> 0 | AU60: =AR60+AO60 -> 134784 | AV60: =AU60/AT60-1 -> #DIV/0! | AY60: =AX60/AW60-1 -> #DIV/0! | AZ60: =AW60+AT60 -> 0 | BA60: =AX60+AU60 -> 134784 | BB60: =BA60/AZ60-1 -> #DIV/0! | BD60: 8589 | BE60: =BD60/BC60-1 -> #DIV/0! | BF60: =BC60+AZ60 -> 0 | BG60: =BD60+BA60 -> 143373 | BH60: =BG60/BF60-1 -> #DIV/0! | BI60: 72790 | BJ60: 3556 | BK60: =BJ60/BI60-1 -> -0.95114714 | BL60: =BI60+BF60 -> 72790 | BM60: =BJ60+BG60 -> 146929 | BN60: =BM60/BL60-1 -> 1.0185328 | BO60: 5444 | BP60: 9708 | BQ60: 87942 | BR60: =BM60/10000/I60 -> 1.3357182
A61: 嘉兴 | B61: 嘉兴 | C61: 嘉善永华电器有限公司 | D61: 经销 | E61: 经销 | F61: 嘉善县 | G61: 嘉善县 | H61: 胡昊天 | K61: 3980 | L61: =K61/J61-1 -> #DIV/0! | O61: =N61/M61-1 -> #DIV/0! | P61: =M61+J61 -> 0 | Q61: =N61+K61 -> 3980 | R61: =Q61/P61-1 -> #DIV/0! | U61: =T61/S61-1 -> #DIV/0! | V61: =S61+P61 -> 0 | W61: =T61+Q61 -> 3980 | X61: =W61/V61-1 -> #DIV/0! | AA61: =Z61/Y61-1 -> #DIV/0! | AB61: =Y61+V61 -> 0 | AC61: =Z61+W61 -> 3980 | AD61: =AC61/AB61-1 -> #DIV/0! | AG61: =AF61/AE61-1 -> #DIV/0! | AH61: =AE61+AB61 -> 0 | AI61: =AF61+AC61 -> 3980 | AJ61: =AI61/AH61-1 -> #DIV/0! | AM61: =AL61/AK61-1 -> #DIV/0! | AN61: =AK61+AH61 -> 0 | AO61: =AL61+AI61 -> 3980 | AP61: =AO61/AN61-1 -> #DIV/0! | AS61: =AR61/AQ61-1 -> #DIV/0! | AT61: =AQ61+AN61 -> 0 | AU61: =AR61+AO61 -> 3980 | AV61: =AU61/AT61-1 -> #DIV/0! | AY61: =AX61/AW61-1 -> #DIV/0! | AZ61: =AW61+AT61 -> 0 | BA61: =AX61+AU61 -> 3980 | BB61: =BA61/AZ61-1 -> #DIV/0! | BE61: =BD61/BC61-1 -> #DIV/0! | BF61: =BC61+AZ61 -> 0 | BG61: =BD61+BA61 -> 3980 | BH61: =BG61/BF61-1 -> #DIV/0! | BK61: =BJ61/BI61-1 -> #DIV/0! | BL61: =BI61+BF61 -> 0 | BM61: =BJ61+BG61 -> 3980 | BN61: =BM61/BL61-1 -> #DIV/0! | BO61: 4980 | BQ61: 4980 | BR61: =BM61/10000/I61 -> #DIV/0!
A62: 嘉兴 | B62: 嘉兴 | C62: 嘉兴市和家电器有限公司 | D62: 经销 | E62: 经销 | F62: 嘉兴市区 | H62: 吴月芳 | L62: =K62/J62-1 -> #DIV/0! | O62: =N62/M62-1 -> #DIV/0! | P62: =M62+J62 -> 0 | Q62: =N62+K62 -> 0 | R62: =Q62/P62-1 -> #DIV/0! | U62: =T62/S62-1 -> #DIV/0! | V62: =S62+P62 -> 0 | W62: =T62+Q62 -> 0 | X62: =W62/V62-1 -> #DIV/0! | AA62: =Z62/Y62-1 -> #DIV/0! | AB62: =Y62+V62 -> 0 | AC62: =Z62+W62 -> 0 | AD62: =AC62/AB62-1 -> #DIV/0! | AG62: =AF62/AE62-1 -> #DIV/0! | AH62: =AE62+AB62 -> 0 | AI62: =AF62+AC62 -> 0 | AJ62: =AI62/AH62-1 -> #DIV/0! | AM62: =AL62/AK62-1 -> #DIV/0! | AN62: =AK62+AH62 -> 0 | AO62: =AL62+AI62 -> 0 | AP62: =AO62/AN62-1 -> #DIV/0! | AS62: =AR62/AQ62-1 -> #DIV/0! | AT62: =AQ62+AN62 -> 0 | AU62: =AR62+AO62 -> 0 | AV62: =AU62/AT62-1 -> #DIV/0! | AY62: =AX62/AW62-1 -> #DIV/0! | AZ62: =AW62+AT62 -> 0 | BA62: =AX62+AU62 -> 0 | BB62: =BA62/AZ62-1 -> #DIV/0! | BE62: =BD62/BC62-1 -> #DIV/0! | BF62: =BC62+AZ62 -> 0 | BG62: =BD62+BA62 -> 0 | BH62: =BG62/BF62-1 -> #DIV/0! | BK62: =BJ62/BI62-1 -> #DIV/0! | BL62: =BI62+BF62 -> 0 | BM62: =BJ62+BG62 -> 0 | BN62: =BM62/BL62-1 -> #DIV/0! | BO62: 18890 | BP62: 17758 | BQ62: 36648 | BR62: =BM62/10000/I62 -> #DIV/0!
A63: 嘉兴 | B63: 嘉兴 | C63: 嘉兴市吉耀工程管理有限公司 | D63: 经销 | E63: 经销 | F63: 嘉兴市区 | H63: 吴月芳 | I63: 0 | L63: =K63/J63-1 -> #DIV/0! | O63: =N63/M63-1 -> #DIV/0! | P63: =M63+J63 -> 0 | Q63: =N63+K63 -> 0 | R63: =Q63/P63-1 -> #DIV/0! | T63: 2196 | U63: =T63/S63-1 -> #DIV/0! | V63: =S63+P63 -> 0 | W63: =T63+Q63 -> 2196 | X63: =W63/V63-1 -> #DIV/0! | AA63: =Z63/Y63-1 -> #DIV/0! | AB63: =Y63+V63 -> 0 | AC63: =Z63+W63 -> 2196 | AD63: =AC63/AB63-1 -> #DIV/0! | AG63: =AF63/AE63-1 -> #DIV/0! | AH63: =AE63+AB63 -> 0 | AI63: =AF63+AC63 -> 2196 | AJ63: =AI63/AH63-1 -> #DIV/0! | AM63: =AL63/AK63-1 -> #DIV/0! | AN63: =AK63+AH63 -> 0 | AO63: =AL63+AI63 -> 2196 | AP63: =AO63/AN63-1 -> #DIV/0! | AS63: =AR63/AQ63-1 -> #DIV/0! | AT63: =AQ63+AN63 -> 0 | AU63: =AR63+AO63 -> 2196 | AV63: =AU63/AT63-1 -> #DIV/0! | AY63: =AX63/AW63-1 -> #DIV/0! | AZ63: =AW63+AT63 -> 0 | BA63: =AX63+AU63 -> 2196 | BB63: =BA63/AZ63-1 -> #DIV/0! | BE63: =BD63/BC63-1 -> #DIV/0! | BF63: =BC63+AZ63 -> 0 | BG63: =BD63+BA63 -> 2196 | BH63: =BG63/BF63-1 -> #DIV/0! | BK63: =BJ63/BI63-1 -> #DIV/0! | BL63: =BI63+BF63 -> 0 | BM63: =BJ63+BG63 -> 2196 | BN63: =BM63/BL63-1 -> #DIV/0! | BO63: 4070 | BP63: 6204 | BQ63: 10274 | BR63: =BM63/10000/I63 -> #DIV/0!
A64: 嘉兴 | B64: 嘉兴 | C64: 嘉兴市乍浦镇美诚家电有限公司 | D64: 经销 | E64: 经销 | F64: 平湖市 | H64: 胡昊天 | L64: =K64/J64-1 -> #DIV/0! | O64: =N64/M64-1 -> #DIV/0! | P64: =M64+J64 -> 0 | Q64: =N64+K64 -> 0 | R64: =Q64/P64-1 -> #DIV/0! | T64: 20000 | U64: =T64/S64-1 -> #DIV/0! | V64: =S64+P64 -> 0 | W64: =T64+Q64 -> 20000 | X64: =W64/V64-1 -> #DIV/0! | AA64: =Z64/Y64-1 -> #DIV/0! | AB64: =Y64+V64 -> 0 | AC64: =Z64+W64 -> 20000 | AD64: =AC64/AB64-1 -> #DIV/0! | AF64: 10000 | AG64: =AF64/AE64-1 -> #DIV/0! | AH64: =AE64+AB64 -> 0 | AI64: =AF64+AC64 -> 30000 | AJ64: =AI64/AH64-1 -> #DIV/0! | AL64: 50000 | AM64: =AL64/AK64-1 -> #DIV/0! | AN64: =AK64+AH64 -> 0 | AO64: =AL64+AI64 -> 80000 | AP64: =AO64/AN64-1 -> #DIV/0! | AS64: =AR64/AQ64-1 -> #DIV/0! | AT64: =AQ64+AN64 -> 0 | AU64: =AR64+AO64 -> 80000 | AV64: =AU64/AT64-1 -> #DIV/0! | AX64: 20000 | AY64: =AX64/AW64-1 -> #DIV/0! | AZ64: =AW64+AT64 -> 0 | BA64: =AX64+AU64 -> 100000 | BB64: =BA64/AZ64-1 -> #DIV/0! | BE64: =BD64/BC64-1 -> #DIV/0! | BF64: =BC64+AZ64 -> 0 | BG64: =BD64+BA64 -> 100000 | BH64: =BG64/BF64-1 -> #DIV/0! | BJ64: 20000 | BK64: =BJ64/BI64-1 -> #DIV/0! | BL64: =BI64+BF64 -> 0 | BM64: =BJ64+BG64 -> 120000 | BN64: =BM64/BL64-1 -> #DIV/0! | BO64: 50000 | BQ64: 50000 | BR64: =BM64/10000/I64 -> #DIV/0!
A65: 嘉兴 | B65: 嘉兴 | C65: 桐乡强鑫电器有限公司 | D65: 经销 | E65: 经销 | F65: 嘉兴市区 | G65: 秀洲区 | H65: 吴月芳 | I65: 0 | L65: =K65/J65-1 -> #DIV/0! | O65: =N65/M65-1 -> #DIV/0! | P65: =M65+J65 -> 0 | Q65: =N65+K65 -> 0 | R65: =Q65/P65-1 -> #DIV/0! | U65: =T65/S65-1 -> #DIV/0! | V65: =S65+P65 -> 0 | W65: =T65+Q65 -> 0 | X65: =W65/V65-1 -> #DIV/0! | AA65: =Z65/Y65-1 -> #DIV/0! | AB65: =Y65+V65 -> 0 | AC65: =Z65+W65 -> 0 | AD65: =AC65/AB65-1 -> #DIV/0! | AG65: =AF65/AE65-1 -> #DIV/0! | AH65: =AE65+AB65 -> 0 | AI65: =AF65+AC65 -> 0 | AJ65: =AI65/AH65-1 -> #DIV/0! | AM65: =AL65/AK65-1 -> #DIV/0! | AN65: =AK65+AH65 -> 0 | AO65: =AL65+AI65 -> 0 | AP65: =AO65/AN65-1 -> #DIV/0! | AS65: =AR65/AQ65-1 -> #DIV/0! | AT65: =AQ65+AN65 -> 0 | AU65: =AR65+AO65 -> 0 | AV65: =AU65/AT65-1 -> #DIV/0! | AY65: =AX65/AW65-1 -> #DIV/0! | AZ65: =AW65+AT65 -> 0 | BA65: =AX65+AU65 -> 0 | BB65: =BA65/AZ65-1 -> #DIV/0! | BE65: =BD65/BC65-1 -> #DIV/0! | BF65: =BC65+AZ65 -> 0 | BG65: =BD65+BA65 -> 0 | BH65: =BG65/BF65-1 -> #DIV/0! | BK65: =BJ65/BI65-1 -> #DIV/0! | BL65: =BI65+BF65 -> 0 | BM65: =BJ65+BG65 -> 0 | BN65: =BM65/BL65-1 -> #DIV/0! | BO65: 1760 | BQ65: 1760 | BR65: =BM65/10000/I65 -> #DIV/0!
A66: 嘉兴 | B66: 嘉兴 | C66: 嘉兴浙里通电子科技有限公司 | D66: 下沉渠道 | E66: 经销 | F66: 桐乡市 | G66: 桐乡市 | H66: 王军杰 | L66: =K66/J66-1 -> #DIV/0! | O66: =N66/M66-1 -> #DIV/0! | P66: =M66+J66 -> 0 | Q66: =N66+K66 -> 0 | R66: =Q66/P66-1 -> #DIV/0! | U66: =T66/S66-1 -> #DIV/0! | V66: =S66+P66 -> 0 | W66: =T66+Q66 -> 0 | X66: =W66/V66-1 -> #DIV/0! | AA66: =Z66/Y66-1 -> #DIV/0! | AB66: =Y66+V66 -> 0 | AC66: =Z66+W66 -> 0 | AD66: =AC66/AB66-1 -> #DIV/0! | AG66: =AF66/AE66-1 -> #DIV/0! | AH66: =AE66+AB66 -> 0 | AI66: =AF66+AC66 -> 0 | AJ66: =AI66/AH66-1 -> #DIV/0! | AM66: =AL66/AK66-1 -> #DIV/0! | AN66: =AK66+AH66 -> 0 | AO66: =AL66+AI66 -> 0 | AP66: =AO66/AN66-1 -> #DIV/0! | AR66: 3027 | AS66: =AR66/AQ66-1 -> #DIV/0! | AT66: =AQ66+AN66 -> 0 | AU66: =AR66+AO66 -> 3027 | AV66: =AU66/AT66-1 -> #DIV/0! | AY66: =AX66/AW66-1 -> #DIV/0! | AZ66: =AW66+AT66 -> 0 | BA66: =AX66+AU66 -> 3027 | BB66: =BA66/AZ66-1 -> #DIV/0! | BE66: =BD66/BC66-1 -> #DIV/0! | BF66: =BC66+AZ66 -> 0 | BG66: =BD66+BA66 -> 3027 | BH66: =BG66/BF66-1 -> #DIV/0! | BK66: =BJ66/BI66-1 -> #DIV/0! | BL66: =BI66+BF66 -> 0 | BM66: =BJ66+BG66 -> 3027 | BN66: =BM66/BL66-1 -> #DIV/0! | BP66: 7362 | BQ66: 7362 | BR66: =BM66/10000/I66 -> #DIV/0!
A67: 嘉兴 | B67: 嘉兴 | C67: 嘉兴市六通电器有限公司 | D67: 经销 | E67: 经销 | F67: 海盐县 | H67: 胡昊天 | I67: 0 | T67: 23457 | U67: =T67/S67-1 -> #DIV/0! | V67: =S67+P67 -> 0 | W67: =T67+Q67 -> 23457 | X67: =W67/V67-1 -> #DIV/0! | Z67: 90 | AA67: =Z67/Y67-1 -> #DIV/0! | AB67: =Y67+V67 -> 0 | AC67: =Z67+W67 -> 23547 | AD67: =AC67/AB67-1 -> #DIV/0! | AG67: =AF67/AE67-1 -> #DIV/0! | AH67: =AE67+AB67 -> 0 | AI67: =AF67+AC67 -> 23547 | AJ67: =AI67/AH67-1 -> #DIV/0! | AM67: =AL67/AK67-1 -> #DIV/0! | AN67: =AK67+AH67 -> 0 | AO67: =AL67+AI67 -> 23547 | AP67: =AO67/AN67-1 -> #DIV/0! | AS67: =AR67/AQ67-1 -> #DIV/0! | AT67: =AQ67+AN67 -> 0 | AU67: =AR67+AO67 -> 23547 | AV67: =AU67/AT67-1 -> #DIV/0! | AY67: =AX67/AW67-1 -> #DIV/0! | AZ67: =AW67+AT67 -> 0 | BA67: =AX67+AU67 -> 23547 | BB67: =BA67/AZ67-1 -> #DIV/0! | BE67: =BD67/BC67-1 -> #DIV/0! | BF67: =BC67+AZ67 -> 0 | BG67: =BD67+BA67 -> 23547 | BH67: =BG67/BF67-1 -> #DIV/0! | BK67: =BJ67/BI67-1 -> #DIV/0! | BL67: =BI67+BF67 -> 0 | BM67: =BJ67+BG67 -> 23547 | BN67: =BM67/BL67-1 -> #DIV/0! | BR67: =BM67/10000/I67 -> #DIV/0!
A68: 嘉兴 | B68: 嘉兴 | C68: 嘉兴市易家商贸有限公司 | D68: 下沉渠道 | E68: 经销 | F68: 桐乡市 | G68: 桐乡市 | H68: 王军杰 | K68: 3081 | L68: =K68/J68-1 -> #DIV/0! | O68: =N68/M68-1 -> #DIV/0! | P68: =M68+J68 -> 0 | Q68: =N68+K68 -> 3081 | R68: =Q68/P68-1 -> #DIV/0! | U68: =T68/S68-1 -> #DIV/0! | V68: =S68+P68 -> 0 | W68: =T68+Q68 -> 3081 | X68: =W68/V68-1 -> #DIV/0! | Z68: 18653 | AA68: =Z68/Y68-1 -> #DIV/0! | AB68: =Y68+V68 -> 0 | AC68: =Z68+W68 -> 21734 | AD68: =AC68/AB68-1 -> #DIV/0! | AF68: 7102 | AG68: =AF68/AE68-1 -> #DIV/0! | AH68: =AE68+AB68 -> 0 | AI68: =AF68+AC68 -> 28836 | AJ68: =AI68/AH68-1 -> #DIV/0! | AL68: 24314 | AM68: =AL68/AK68-1 -> #DIV/0! | AN68: =AK68+AH68 -> 0 | AO68: =AL68+AI68 -> 53150 | AP68: =AO68/AN68-1 -> #DIV/0! | AR68: 18974 | AS68: =AR68/AQ68-1 -> #DIV/0! | AT68: =AQ68+AN68 -> 0 | AU68: =AR68+AO68 -> 72124 | AV68: =AU68/AT68-1 -> #DIV/0! | AY68: =AX68/AW68-1 -> #DIV/0! | AZ68: =AW68+AT68 -> 0 | BA68: =AX68+AU68 -> 72124 | BB68: =BA68/AZ68-1 -> #DIV/0! | BD68: 24920 | BE68: =BD68/BC68-1 -> #DIV/0! | BF68: =BC68+AZ68 -> 0 | BG68: =BD68+BA68 -> 97044 | BH68: =BG68/BF68-1 -> #DIV/0! | BJ68: 29296 | BK68: =BJ68/BI68-1 -> #DIV/0! | BL68: =BI68+BF68 -> 0 | BM68: =BJ68+BG68 -> 126340 | BN68: =BM68/BL68-1 -> #DIV/0! | BR68: =BM68/10000/I68 -> #DIV/0!
A69: 嘉兴 | B69: 嘉兴 | C69: 嘉兴金亚装饰工程有限公司 | D69: 家装 | E69: 家装 | F69: 海盐县 | G69: 海盐县 | H69: 胡昊天 | T69: 20000 | U69: =T69/S69-1 -> #DIV/0! | V69: =S69+P69 -> 0 | W69: =T69+Q69 -> 20000 | X69: =W69/V69-1 -> #DIV/0! | AA69: =Z69/Y69-1 -> #DIV/0! | AB69: =Y69+V69 -> 0 | AC69: =Z69+W69 -> 20000 | AD69: =AC69/AB69-1 -> #DIV/0! | AG69: =AF69/AE69-1 -> #DIV/0! | AH69: =AE69+AB69 -> 0 | AI69: =AF69+AC69 -> 20000 | AJ69: =AI69/AH69-1 -> #DIV/0! | AM69: =AL69/AK69-1 -> #DIV/0! | AN69: =AK69+AH69 -> 0 | AO69: =AL69+AI69 -> 20000 | AP69: =AO69/AN69-1 -> #DIV/0! | AS69: =AR69/AQ69-1 -> #DIV/0! | AT69: =AQ69+AN69 -> 0 | AU69: =AR69+AO69 -> 20000 | AV69: =AU69/AT69-1 -> #DIV/0! | AY69: =AX69/AW69-1 -> #DIV/0! | AZ69: =AW69+AT69 -> 0 | BA69: =AX69+AU69 -> 20000 | BB69: =BA69/AZ69-1 -> #DIV/0! | BE69: =BD69/BC69-1 -> #DIV/0! | BF69: =BC69+AZ69 -> 0 | BG69: =BD69+BA69 -> 20000 | BH69: =BG69/BF69-1 -> #DIV/0! | BK69: =BJ69/BI69-1 -> #DIV/0! | BL69: =BI69+BF69 -> 0 | BM69: =BJ69+BG69 -> 20000 | BN69: =BM69/BL69-1 -> #DIV/0! | BR69: =BM69/10000/I69 -> #DIV/0!
A70: 嘉兴 | B70: 嘉兴 | C70: 桐乡市旭晨家用电器有限公司是 | D70: 经销 | E70: 经销 | F70: 桐乡市 | G70: 桐乡市 | H70: 王军杰 | T70: 4305 | U70: =T70/S70-1 -> #DIV/0! | V70: =S70+P70 -> 0 | W70: =T70+Q70 -> 4305 | X70: =W70/V70-1 -> #DIV/0! | AA70: =Z70/Y70-1 -> #DIV/0! | AB70: =Y70+V70 -> 0 | AC70: =Z70+W70 -> 4305 | AD70: =AC70/AB70-1 -> #DIV/0! | AG70: =AF70/AE70-1 -> #DIV/0! | AH70: =AE70+AB70 -> 0 | AI70: =AF70+AC70 -> 4305 | AJ70: =AI70/AH70-1 -> #DIV/0! | AM70: =AL70/AK70-1 -> #DIV/0! | AN70: =AK70+AH70 -> 0 | AO70: =AL70+AI70 -> 4305 | AP70: =AO70/AN70-1 -> #DIV/0! | AS70: =AR70/AQ70-1 -> #DIV/0! | AT70: =AQ70+AN70 -> 0 | AU70: =AR70+AO70 -> 4305 | AV70: =AU70/AT70-1 -> #DIV/0! | AY70: =AX70/AW70-1 -> #DIV/0! | AZ70: =AW70+AT70 -> 0 | BA70: =AX70+AU70 -> 4305 | BB70: =BA70/AZ70-1 -> #DIV/0! | BE70: =BD70/BC70-1 -> #DIV/0! | BF70: =BC70+AZ70 -> 0 | BG70: =BD70+BA70 -> 4305 | BH70: =BG70/BF70-1 -> #DIV/0! | BK70: =BJ70/BI70-1 -> #DIV/0! | BL70: =BI70+BF70 -> 0 | BM70: =BJ70+BG70 -> 4305 | BN70: =BM70/BL70-1 -> #DIV/0! | BR70: =BM70/10000/I70 -> #DIV/0!
A71: 嘉兴 | B71: 嘉兴 | C71: 嘉兴五星 | D71: 五星 | E71: 五星 | F71: 嘉兴市区 | H71: 吴月芳 | AF71: 194929.35 | AG71: =AF71/AE71-1 -> #DIV/0! | AH71: =AE71+AB71 -> 0 | AI71: =AF71+AC71 -> 194929.35 | AJ71: =AI71/AH71-1 -> #DIV/0! | AL71: 214386.54 | AM71: =AL71/AK71-1 -> #DIV/0! | AN71: =AK71+AH71 -> 0 | AO71: =AL71+AI71 -> 409315.89 | AP71: =AO71/AN71-1 -> #DIV/0! | AR71: 198566.8 | AS71: =AR71/AQ71-1 -> #DIV/0! | AT71: =AQ71+AN71 -> 0 | AU71: =AR71+AO71 -> 607882.69 | AV71: =AU71/AT71-1 -> #DIV/0! | AY71: =AX71/AW71-1 -> #DIV/0! | AZ71: =AW71+AT71 -> 0 | BA71: =AX71+AU71 -> 607882.69 | BB71: =BA71/AZ71-1 -> #DIV/0! | BD71: 0.03 | BE71: =BD71/BC71-1 -> #DIV/0! | BF71: =BC71+AZ71 -> 0 | BG71: =BD71+BA71 -> 607882.72 | BH71: =BG71/BF71-1 -> #DIV/0! | BK71: =BJ71/BI71-1 -> #DIV/0! | BL71: =BI71+BF71 -> 0 | BM71: =BJ71+BG71 -> 607882.72 | BN71: =BM71/BL71-1 -> #DIV/0! | BR71: =BM71/10000/I71 -> #DIV/0!
A72: 嘉兴 | B72: 嘉兴 | C72: 嘉兴星米商贸有限公司 | D72: 下沉渠道-天猫 | E72: 经销 | F72: 嘉兴市区 | H72: 吴月芳 | AF72: 2196 | AG72: =AF72/AE72-1 -> #DIV/0! | AH72: =AE72+AB72 -> 0 | AI72: =AF72+AC72 -> 2196 | AJ72: =AI72/AH72-1 -> #DIV/0! | AM72: =AL72/AK72-1 -> #DIV/0! | AN72: =AK72+AH72 -> 0 | AO72: =AL72+AI72 -> 2196 | AP72: =AO72/AN72-1 -> #DIV/0! | AS72: =AR72/AQ72-1 -> #DIV/0! | AT72: =AQ72+AN72 -> 0 | AU72: =AR72+AO72 -> 2196 | AV72: =AU72/AT72-1 -> #DIV/0! | AY72: =AX72/AW72-1 -> #DIV/0! | AZ72: =AW72+AT72 -> 0 | BA72: =AX72+AU72 -> 2196 | BB72: =BA72/AZ72-1 -> #DIV/0! | BE72: =BD72/BC72-1 -> #DIV/0! | BF72: =BC72+AZ72 -> 0 | BG72: =BD72+BA72 -> 2196 | BH72: =BG72/BF72-1 -> #DIV/0! | BK72: =BJ72/BI72-1 -> #DIV/0! | BL72: =BI72+BF72 -> 0 | BM72: =BJ72+BG72 -> 2196 | BN72: =BM72/BL72-1 -> #DIV/0! | BR72: =BM72/10000/I72 -> #DIV/0!
